Date,Price,Open,High,Low,Change %,Change_num
2022-09-30,2.794,2.82,2.947,2.713,-2.14%,-0.06099999999999994
2022-09-29,2.855,2.82,2.947,2.805,3.03%,0.08400000000000007
2022-09-28,2.771,2.908,2.99,2.75,-2.91%,-0.08300000000000018
2022-09-27,2.854,2.787,2.899,2.661,4.54%,0.12400000000000011
2022-09-26,2.73,2.744,2.774,2.678,2.40%,0.06400000000000006
2022-09-23,2.666,2.576,2.74,2.514,2.62%,0.06800000000000006
2022-09-22,2.598,2.52,2.621,2.426,4.72%,0.11699999999999999
2022-09-21,2.481,2.482,2.523,2.433,-1.63%,-0.040999999999999925
2022-09-20,2.522,2.438,2.563,2.403,4.86%,0.11699999999999999
2022-09-19,2.405,2.335,2.42,2.326,3.17%,0.07399999999999984
2022-09-17,2.331,2.331,2.331,2.331,-0.17%,-0.0040000000000000036
2022-09-16,2.335,2.38,2.409,2.33,-0.04%,-0.0009999999999998899
2022-09-15,2.336,2.331,2.36,2.285,2.41%,0.054999999999999716
2022-09-14,2.281,2.29,2.367,2.254,-0.70%,-0.016000000000000014
2022-09-13,2.297,2.247,2.344,2.207,8.91%,0.18800000000000017
2022-09-12,2.109,2.193,2.21,2.091,-1.72%,-0.03699999999999992
2022-09-09,2.146,2.197,2.246,2.094,-0.19%,-0.0040000000000000036
2022-09-08,2.15,2.003,2.162,1.988,5.50%,0.1120000000000001
2022-09-07,2.038,2.088,2.103,2.005,-1.97%,-0.04100000000000037
2022-09-06,2.079,2.031,2.111,1.937,2.26%,0.04600000000000026
2022-09-05,2.033,1.946,2.06,1.946,1.90%,0.03799999999999981
2022-09-02,1.995,2.01,2.07,1.94,-1.92%,-0.0389999999999997
2022-09-01,2.034,2.057,2.099,2.01,1.80%,0.03599999999999981
2022-08-31,1.998,1.927,2.045,1.919,2.04%,0.040000000000000036
2022-08-30,1.958,1.947,2.013,1.898,-0.36%,-0.007000000000000117
2022-08-29,1.965,1.964,2.013,1.926,6.97%,0.1280000000000001
2022-08-26,1.837,1.765,1.886,1.763,4.20%,0.07400000000000007
2022-08-25,1.763,1.801,1.818,1.753,-2.49%,-0.04500000000000015
2022-08-24,1.808,1.796,1.832,1.732,3.49%,0.06099999999999994
2022-08-23,1.747,1.692,1.804,1.667,0.40%,0.007000000000000117
2022-08-22,1.74,1.612,1.74,1.594,5.39%,0.08899999999999997
2022-08-19,1.651,1.59,1.666,1.574,8.33%,0.127
2022-08-18,1.524,1.564,1.564,1.482,1.74%,0.026000000000000023
2022-08-17,1.498,1.39,1.532,1.39,7.00%,0.09800000000000009
2022-08-16,1.4,1.328,1.422,1.318,5.90%,0.07799999999999985
2022-08-15,1.322,1.398,1.434,1.297,-5.91%,-0.08299999999999996
2022-08-12,1.405,1.403,1.446,1.366,1.15%,0.016000000000000014
2022-08-11,1.389,1.328,1.408,1.239,5.79%,0.07600000000000007
2022-08-10,1.313,1.328,1.35,1.239,-1.94%,-0.026000000000000023
2022-08-09,1.339,1.297,1.38,1.274,2.84%,0.03699999999999992
2022-08-08,1.302,1.281,1.372,1.185,-4.69%,-0.06400000000000006
2022-08-05,1.366,1.281,1.372,1.185,11.97%,0.14600000000000013
2022-08-04,1.22,1.281,1.315,1.185,-5.28%,-0.06800000000000006
2022-08-03,1.288,1.222,1.335,1.214,6.89%,0.08299999999999996
2022-08-02,1.205,1.125,1.221,1.08,2.64%,0.03100000000000014
2022-08-01,1.174,1.246,1.289,1.156,-2.53%,-0.030000000000000027
2022-07-30,1.204,1.204,1.204,1.204,-1.51%,-0.019000000000000128
2022-07-29,1.223,1.241,1.33,1.216,0.16%,0.0020000000000000018
2022-07-28,1.221,1.41,1.424,1.209,-11.26%,-0.1549999999999998
2022-07-27,1.376,1.366,1.399,1.337,1.55%,0.020999999999999908
2022-07-26,1.355,1.433,1.442,1.321,-6.68%,-0.09699999999999998
2022-07-25,1.452,1.465,1.51,1.433,-0.48%,-0.007000000000000117
2022-07-22,1.459,1.616,1.625,1.402,-11.84%,-0.19599999999999995
2022-07-21,1.655,1.686,1.811,1.632,-1.55%,-0.026000000000000023
2022-07-20,1.681,1.668,1.707,1.591,-0.83%,-0.014000000000000012
2022-07-19,1.695,1.578,1.721,1.574,3.67%,0.06000000000000005
2022-07-18,1.635,1.592,1.662,1.577,5.08%,0.07899999999999996
2022-07-15,1.556,1.511,1.599,1.484,-1.27%,-0.020000000000000018
2022-07-14,1.576,1.566,1.677,1.56,1.55%,0.02400000000000002
2022-07-13,1.552,1.565,1.628,1.518,1.04%,0.016000000000000014
2022-07-12,1.536,1.628,1.635,1.501,-7.53%,-0.125
2022-07-11,1.661,1.737,1.744,1.629,-6.00%,-0.10599999999999987
2022-07-08,1.767,1.71,1.778,1.661,2.43%,0.041999999999999815
2022-07-07,1.725,1.66,1.742,1.653,6.94%,0.1120000000000001
2022-07-06,1.613,1.665,1.688,1.529,-1.89%,-0.030999999999999917
2022-07-05,1.644,1.757,1.793,1.633,-7.59%,-0.135
2022-07-04,1.779,1.706,1.802,1.691,6.27%,0.10499999999999998
2022-07-01,1.674,1.791,1.87,1.612,-8.07%,-0.14700000000000002
2022-06-30,1.821,1.905,1.917,1.803,-7.19%,-0.14100000000000001
2022-06-29,1.962,2.053,2.092,1.946,-5.58%,-0.11599999999999988
2022-06-28,2.078,2.019,2.115,1.998,4.32%,0.08599999999999985
2022-06-27,1.992,1.916,2.011,1.891,6.81%,0.127
2022-06-25,1.865,1.865,1.865,1.865,0.00%,0.0
2022-06-24,1.865,1.882,1.929,1.776,-0.21%,-0.0040000000000000036
2022-06-23,1.869,2.086,2.096,1.827,-9.32%,-0.19199999999999995
2022-06-22,2.061,2.134,2.153,2.027,-6.62%,-0.1459999999999999
2022-06-21,2.207,2.174,2.231,2.152,0.73%,0.016000000000000014
2022-06-20,2.191,2.097,2.201,2.073,4.13%,0.08699999999999974
2022-06-17,2.104,2.171,2.24,2.062,-2.95%,-0.06400000000000006
2022-06-16,2.168,2.107,2.372,2.107,2.26%,0.04800000000000004
2022-06-15,2.12,2.13,2.303,2.066,-6.61%,-0.1499999999999999
2022-06-14,2.27,2.13,2.275,2.099,6.17%,0.13200000000000012
2022-06-13,2.138,2.011,2.147,1.971,7.98%,0.15799999999999992
2022-06-10,1.98,1.901,1.98,1.849,4.87%,0.09200000000000008
2022-06-09,1.888,1.816,1.924,1.781,4.66%,0.08399999999999985
2022-06-08,1.804,1.775,1.826,1.758,2.73%,0.04800000000000004
2022-06-07,1.756,1.803,1.803,1.73,-1.57%,-0.028000000000000025
2022-06-06,1.784,1.716,1.793,1.715,2.82%,0.04899999999999993
2022-06-03,1.735,1.707,1.751,1.687,1.40%,0.02400000000000002
2022-06-02,1.711,1.643,1.719,1.643,4.14%,0.06800000000000006
2022-06-01,1.643,1.587,1.655,1.568,4.58%,0.07200000000000006
2022-05-31,1.571,1.526,1.611,1.481,2.61%,0.040000000000000036
2022-05-30,1.531,1.468,1.536,1.456,8.20%,0.11599999999999988
2022-05-27,1.415,1.422,1.453,1.379,-0.84%,-0.01200000000000001
2022-05-26,1.427,1.406,1.444,1.338,0.35%,0.0050000000000001155
2022-05-25,1.422,1.468,1.47,1.373,-2.34%,-0.03400000000000003
2022-05-24,1.456,1.471,1.512,1.431,-1.49%,-0.02200000000000002
2022-05-23,1.478,1.421,1.494,1.381,6.10%,0.08499999999999996
2022-05-20,1.393,1.42,1.443,1.374,-0.57%,-0.008000000000000007
2022-05-19,1.401,1.448,1.458,1.339,-4.24%,-0.062000000000000055
2022-05-18,1.463,1.499,1.531,1.44,-1.28%,-0.018999999999999906
2022-05-17,1.482,1.425,1.503,1.402,8.10%,0.11099999999999999
2022-05-16,1.371,1.366,1.441,1.353,-0.15%,-0.0020000000000000018
2022-05-13,1.373,1.329,1.399,1.306,5.37%,0.07000000000000006
2022-05-12,1.303,1.336,1.336,1.276,-7.19%,-0.10099999999999998
2022-05-11,1.404,1.429,1.523,1.374,-2.16%,-0.03100000000000014
2022-05-10,1.435,1.533,1.544,1.418,-5.78%,-0.08799999999999986
2022-05-09,1.523,1.546,1.613,1.519,-2.06%,-0.03200000000000003
2022-05-06,1.555,1.46,1.574,1.443,6.29%,0.09199999999999986
2022-05-05,1.463,1.411,1.469,1.326,4.13%,0.05800000000000005
2022-05-04,1.405,1.43,1.455,1.396,1.59%,0.02200000000000002
2022-05-03,1.383,1.408,1.444,1.333,-0.22%,-0.0029999999999998916
2022-05-02,1.386,1.359,1.397,1.315,2.44%,0.03299999999999992
2022-04-29,1.353,1.286,1.365,1.273,3.13%,0.040999999999999925
2022-04-28,1.312,1.2,1.332,1.165,10.25%,0.12200000000000011
2022-04-27,1.19,1.245,1.247,1.183,-1.82%,-0.02200000000000002
2022-04-26,1.212,1.256,1.276,1.193,-1.22%,-0.015000000000000124
2022-04-25,1.227,1.284,1.324,1.221,-9.71%,-0.1319999999999999
2022-04-22,1.359,1.31,1.359,1.296,2.33%,0.030999999999999917
2022-04-21,1.328,1.298,1.341,1.258,5.99%,0.07500000000000018
2022-04-20,1.253,1.319,1.326,1.231,-4.13%,-0.05400000000000005
2022-04-19,1.307,1.279,1.362,1.267,3.98%,0.050000000000000044
2022-04-14,1.257,1.19,1.262,1.163,6.53%,0.07699999999999996
2022-04-13,1.18,1.235,1.254,1.158,-0.34%,-0.0040000000000000036
2022-04-12,1.184,1.23,1.269,1.153,-1.17%,-0.014000000000000012
2022-04-11,1.198,1.153,1.211,1.153,5.18%,0.05899999999999994
2022-04-08,1.139,1.082,1.158,1.07,5.46%,0.05899999999999994
2022-04-07,1.08,1.053,1.136,1.03,0.93%,0.010000000000000009
2022-04-06,1.07,1.052,1.116,1.042,3.28%,0.03400000000000003
2022-04-05,1.036,0.914,1.056,0.914,13.85%,0.126
2022-04-04,0.91,0.91,0.944,0.86,-1.94%,-0.018000000000000016
2022-04-01,0.928,0.993,1.008,0.873,3.11%,0.028000000000000025
2022-03-31,0.9,0.993,1.008,0.873,-9.91%,-0.09899999999999998
2022-03-30,0.999,0.967,1.075,0.965,2.46%,0.02400000000000002
2022-03-29,0.975,0.945,1.066,0.925,8.21%,0.07399999999999995
2022-03-28,0.901,0.932,0.978,0.881,-0.44%,-0.0040000000000000036
2022-03-25,0.905,0.863,0.927,0.835,3.55%,0.031000000000000028
2022-03-24,0.874,0.838,0.896,0.816,2.94%,0.025000000000000022
2022-03-23,0.849,0.869,0.891,0.836,-3.52%,-0.031000000000000028
2022-03-22,0.88,0.752,0.905,0.739,4.51%,0.038000000000000034
2022-03-21,0.842,0.752,0.845,0.739,15.03%,0.10999999999999999
2022-03-18,0.732,0.749,0.769,0.706,-1.61%,-0.01200000000000001
2022-03-17,0.744,0.787,0.795,0.734,-5.10%,-0.040000000000000036
2022-03-16,0.784,0.781,0.808,0.752,5.38%,0.040000000000000036
2022-03-15,0.744,0.807,0.82,0.725,-9.49%,-0.07799999999999996
2022-03-14,0.822,0.751,0.839,0.75,13.85%,0.09999999999999998
2022-03-11,0.722,0.701,0.781,0.689,1.98%,0.014000000000000012
2022-03-10,0.708,0.62,0.738,0.574,14.56%,0.08999999999999997
2022-03-09,0.618,0.572,0.636,0.547,10.36%,0.05799999999999994
2022-03-08,0.56,0.428,0.573,0.427,25.56%,0.11400000000000005
2022-03-07,0.446,0.392,0.478,0.382,13.49%,0.05299999999999999
2022-03-04,0.393,0.436,0.462,0.36,-10.07%,-0.043999999999999984
2022-03-03,0.437,0.433,0.508,0.431,-1.58%,-0.007000000000000006
2022-03-02,0.444,0.335,0.452,0.326,45.10%,0.138
2022-03-01,0.306,0.526,0.526,0.306,-43.44%,-0.23500000000000004
2022-02-28,0.541,0.528,0.6,0.519,-6.88%,-0.039999999999999925
2022-02-25,0.581,0.569,0.604,0.52,7.20%,0.038999999999999924
2022-02-24,0.542,0.528,0.565,0.488,-8.14%,-0.04799999999999993
2022-02-23,0.59,0.616,0.626,0.573,-1.99%,-0.01200000000000001
2022-02-22,0.602,0.521,0.636,0.519,4.70%,0.027000000000000024
2022-02-21,0.575,0.557,0.581,0.53,6.88%,0.03699999999999992
2022-02-18,0.538,0.572,0.575,0.529,-3.24%,-0.018000000000000016
2022-02-17,0.556,0.592,0.611,0.551,-8.10%,-0.04899999999999993
2022-02-16,0.605,0.651,0.667,0.582,-5.47%,-0.03500000000000003
2022-02-15,0.64,0.589,0.663,0.58,4.92%,0.030000000000000027
2022-02-14,0.61,0.543,0.619,0.508,0.33%,0.0020000000000000018
2022-02-11,0.608,0.579,0.61,0.548,4.83%,0.028000000000000025
2022-02-10,0.58,0.511,0.593,0.502,13.95%,0.07099999999999995
2022-02-09,0.509,0.516,0.531,0.49,-7.96%,-0.04400000000000004
2022-02-08,0.553,0.53,0.561,0.484,7.59%,0.039000000000000035
2022-02-07,0.514,0.478,0.535,0.472,6.86%,0.03300000000000003
2022-02-04,0.481,0.46,0.506,0.418,14.80%,0.062
2022-02-03,0.419,0.295,0.423,0.281,43.99%,0.128
2022-02-02,0.291,0.279,0.31,0.261,-1.02%,-0.0030000000000000027
2022-02-01,0.294,0.277,0.299,0.239,10.11%,0.02699999999999997
2022-01-31,0.267,0.234,0.288,0.216,24.77%,0.05300000000000002
2022-01-28,0.214,0.209,0.25,0.193,9.18%,0.017999999999999988
2022-01-27,0.196,0.223,0.241,0.186,3.16%,0.006000000000000005
2022-01-26,0.19,0.178,0.199,0.17,10.47%,0.018000000000000016
2022-01-25,0.172,0.151,0.189,0.15,17.01%,0.024999999999999994
2022-01-24,0.147,0.177,0.179,0.141,-18.78%,-0.034
2022-01-21,0.181,0.171,0.195,0.155,-9.50%,-0.019000000000000017
2022-01-20,0.2,0.23,0.234,0.19,-10.31%,-0.022999999999999993
2022-01-19,0.223,0.244,0.256,0.217,1.83%,0.0040000000000000036
2022-01-18,0.219,0.213,0.228,0.198,5.80%,0.01200000000000001
2022-01-17,0.207,0.189,0.211,0.182,15.64%,0.027999999999999997
2022-01-14,0.179,0.131,0.182,0.129,30.66%,0.04199999999999998
2022-01-13,0.137,0.176,0.196,0.127,-16.46%,-0.026999999999999996
2022-01-12,0.164,0.184,0.2,0.143,-10.87%,-0.01999999999999999
2022-01-11,0.184,0.196,0.209,0.161,5.14%,0.009000000000000008
2022-01-10,0.175,0.188,0.205,0.157,-1.13%,-0.0020000000000000018
2022-01-07,0.177,0.158,0.191,0.147,14.19%,0.021999999999999992
2022-01-06,0.155,0.154,0.184,0.141,21.09%,0.026999999999999996
2022-01-05,0.128,0.139,0.144,0.113,-8.57%,-0.01200000000000001
2022-01-04,0.14,0.125,0.145,0.101,6.87%,0.009000000000000008
2022-01-03,0.131,0.089,0.142,0.079,43.96%,0.04000000000000001
2021-12-31,0.091,0.091,0.091,0.091,1.11%,0.0010000000000000009
2021-12-30,0.09,0.075,0.095,0.059,8.43%,0.006999999999999992
2021-12-29,0.083,0.029,0.083,0.023,260.87%,0.060000000000000005
2021-12-28,0.023,0.027,0.053,0.019,35.29%,0.005999999999999998
2021-12-27,0.017,0.024,0.042,0.015,88.89%,0.008000000000000002
2021-12-24,0.009,0.009,0.009,0.009,80.00%,0.003999999999999999
2021-12-23,0.005,-0.021,0.024,-0.03,-115.62%,0.037
2021-12-22,-0.032,-0.055,-0.009,-0.059,-34.69%,0.017
2021-12-21,-0.049,-0.112,-0.041,-0.119,-57.76%,0.067
2021-12-20,-0.116,-0.143,-0.101,-0.152,-10.77%,0.013999999999999999
2021-12-17,-0.13,-0.114,-0.089,-0.136,28.71%,-0.028999999999999998
2021-12-16,-0.101,-0.112,-0.049,-0.121,-9.01%,0.009999999999999995
2021-12-15,-0.111,-0.118,-0.087,-0.126,-1.77%,0.0020000000000000018
2021-12-14,-0.113,-0.13,-0.089,-0.134,-4.24%,0.0049999999999999906
2021-12-13,-0.118,-0.09,-0.077,-0.136,38.82%,-0.03299999999999999
2021-12-10,-0.085,-0.087,-0.067,-0.108,-14.14%,0.013999999999999999
2021-12-09,-0.099,-0.085,-0.072,-0.113,67.80%,-0.04000000000000001
2021-12-08,-0.059,-0.123,-0.046,-0.152,-52.80%,0.066
2021-12-07,-0.125,-0.106,-0.093,-0.127,-3.10%,0.0040000000000000036
2021-12-06,-0.129,-0.124,-0.105,-0.14,14.16%,-0.016
2021-12-03,-0.113,-0.108,-0.08,-0.128,3.67%,-0.0040000000000000036
2021-12-02,-0.109,-0.072,-0.038,-0.131,60.29%,-0.040999999999999995
2021-12-01,-0.068,-0.072,-0.038,-0.079,-12.82%,0.009999999999999995
2021-11-30,-0.078,-0.067,-0.044,-0.098,65.96%,-0.031
2021-11-29,-0.047,-0.048,-0.014,-0.056,-27.69%,0.018000000000000002
2021-11-26,-0.065,-0.058,-0.023,-0.07,-750.00%,-0.075
2021-11-25,0.01,0.039,0.059,0.01,-74.36%,-0.028999999999999998
2021-11-24,0.039,0.023,0.081,0.016,-18.75%,-0.009000000000000001
2021-11-23,0.048,-0.015,0.054,-0.034,-223.08%,0.087
2021-11-22,-0.039,-0.078,-0.02,-0.098,-55.17%,0.047999999999999994
2021-11-19,-0.087,-0.02,-0.001,-0.095,411.76%,-0.06999999999999999
2021-11-18,-0.017,-0.016,0.005,-0.036,-342.86%,-0.024
2021-11-17,0.007,-0.007,0.017,-0.023,-333.33%,0.01
2021-11-16,-0.003,0.011,0.024,-0.018,-118.75%,-0.019
2021-11-15,0.016,-0.038,0.016,-0.04,-260.00%,0.026000000000000002
2021-11-12,-0.01,0.004,0.021,-0.02,-211.11%,-0.019
2021-11-11,0.009,0.004,0.021,-0.016,-169.23%,0.022
2021-11-10,-0.013,-0.048,-0.007,-0.068,-81.43%,0.05700000000000001
2021-11-09,-0.07,-0.022,-0.016,-0.076,180.00%,-0.045000000000000005
2021-11-08,-0.025,-0.056,-0.017,-0.06,-56.90%,0.033
2021-11-05,-0.058,-0.001,0.006,-0.064,"5,700.00%",-0.057
2021-11-04,-0.001,0.069,0.069,-0.014,-101.69%,-0.06
2021-11-03,0.059,0.069,0.094,0.044,-18.06%,-0.012999999999999998
2021-11-02,0.072,0.132,0.14,0.063,-53.85%,-0.084
2021-11-01,0.156,0.153,0.192,0.14,9.09%,0.013000000000000012
2021-10-30,0.143,0.143,0.143,0.143,-5.92%,-0.009000000000000008
2021-10-29,0.152,0.135,0.19,0.127,289.74%,0.11299999999999999
2021-10-28,0.039,0.015,0.08,0.003,"-4,000.00%",0.04
2021-10-27,-0.001,0.044,0.057,-0.014,-102.38%,-0.043000000000000003
2021-10-26,0.042,0.049,0.065,0.025,-17.65%,-0.008999999999999994
2021-10-25,0.051,0.059,0.087,0.045,-19.05%,-0.012000000000000004
2021-10-22,0.063,0.069,0.095,0.058,0.00%,0.0
2021-10-21,0.063,0.041,0.08,0.035,61.54%,0.024
2021-10-20,0.039,0.07,0.076,0.03,-33.90%,-0.019999999999999997
2021-10-19,0.059,-0.004,0.069,-0.009,180.95%,0.03799999999999999
2021-10-18,0.021,0.016,0.054,0.005,-310.00%,0.031
2021-10-15,-0.01,-0.014,0.01,-0.028,-73.68%,0.027999999999999997
2021-10-14,-0.038,0.041,0.045,-0.04,-231.03%,-0.067
2021-10-13,0.029,0.052,0.066,0.009,-53.23%,-0.033
2021-10-12,0.062,0.029,0.065,0.015,72.22%,0.026000000000000002
2021-10-11,0.036,0.03,0.052,0.014,300.00%,0.026999999999999996
2021-10-08,0.009,-0.003,0.019,-0.023,-145.00%,0.028999999999999998
2021-10-07,-0.02,-0.006,0.004,-0.04,5.26%,-0.0010000000000000009
2021-10-06,-0.019,0.009,0.023,-0.033,-17.39%,0.004
2021-10-05,-0.023,-0.046,-0.012,-0.065,-52.08%,0.025
2021-10-04,-0.048,-0.059,-0.027,-0.064,-2.04%,0.0010000000000000009
2021-10-01,-0.049,-0.057,-0.029,-0.072,48.48%,-0.016
2021-09-30,-0.033,-0.027,-0.007,-0.054,-21.43%,0.009000000000000001
2021-09-29,-0.042,-0.033,-0.029,-0.059,50.00%,-0.014000000000000002
2021-09-28,-0.028,-0.028,-0.01,-0.043,-55.56%,0.035
2021-09-27,-0.063,-0.069,-0.024,-0.081,5.00%,-0.0030000000000000027
2021-09-24,-0.06,-0.081,-0.053,-0.087,-36.84%,0.035
2021-09-23,-0.095,-0.133,-0.087,-0.155,-40.99%,0.066
2021-09-22,-0.161,-0.142,-0.136,-0.168,2.55%,-0.0040000000000000036
2021-09-21,-0.157,-0.145,-0.126,-0.174,3.29%,-0.0050000000000000044
2021-09-20,-0.152,-0.131,-0.121,-0.17,22.58%,-0.027999999999999997
2021-09-17,-0.124,-0.133,-0.1,-0.14,-13.89%,0.01999999999999999
2021-09-16,-0.144,-0.139,-0.117,-0.153,-0.69%,0.0010000000000000009
2021-09-15,-0.145,-0.179,-0.143,-0.197,-20.77%,0.038000000000000006
2021-09-14,-0.183,-0.172,-0.142,-0.196,5.78%,-0.010000000000000009
2021-09-13,-0.173,-0.169,-0.161,-0.186,1.17%,-0.001999999999999974
2021-09-10,-0.171,-0.208,-0.17,-0.21,-16.18%,0.032999999999999974
2021-09-09,-0.204,-0.167,-0.159,-0.214,25.15%,-0.04099999999999998
2021-09-08,-0.163,-0.163,-0.157,-0.182,3.82%,-0.006000000000000005
2021-09-07,-0.157,-0.202,-0.15,-0.202,-25.59%,0.05399999999999999
2021-09-06,-0.211,-0.209,-0.188,-0.216,4.46%,-0.00899999999999998
2021-09-03,-0.202,-0.229,-0.187,-0.236,-11.01%,0.024999999999999994
2021-09-02,-0.227,-0.214,-0.206,-0.233,8.61%,-0.018000000000000016
2021-09-01,-0.209,-0.213,-0.184,-0.22,0.00%,0.0
2021-08-31,-0.209,-0.262,-0.205,-0.272,-22.30%,0.060000000000000026
2021-08-30,-0.269,-0.246,-0.226,-0.27,8.03%,-0.020000000000000018
2021-08-27,-0.249,-0.244,-0.223,-0.251,2.89%,-0.007000000000000006
2021-08-26,-0.242,-0.254,-0.226,-0.256,-3.97%,0.010000000000000009
2021-08-25,-0.252,-0.302,-0.245,-0.31,-19.49%,0.061
2021-08-24,-0.313,-0.296,-0.29,-0.321,0.97%,-0.0030000000000000027
2021-08-23,-0.31,-0.321,-0.281,-0.323,-4.02%,0.013000000000000012
2021-08-20,-0.323,-0.317,-0.305,-0.325,4.53%,-0.014000000000000012
2021-08-19,-0.309,-0.309,-0.293,-0.32,3.34%,-0.010000000000000009
2021-08-18,-0.299,-0.297,-0.288,-0.31,3.10%,-0.009000000000000008
2021-08-17,-0.29,-0.306,-0.276,-0.324,0.69%,-0.0020000000000000018
2021-08-16,-0.288,-0.302,-0.274,-0.313,-1.71%,0.0050000000000000044
2021-08-13,-0.293,-0.287,-0.262,-0.3,2.45%,-0.007000000000000006
2021-08-12,-0.286,-0.292,-0.267,-0.298,-1.04%,0.0030000000000000027
2021-08-11,-0.289,-0.286,-0.262,-0.294,0.35%,-0.0010000000000000009
2021-08-10,-0.288,-0.297,-0.275,-0.315,-0.35%,0.0010000000000000009
2021-08-09,-0.289,-0.295,-0.281,-0.312,1.05%,-0.0030000000000000027
2021-08-06,-0.286,-0.312,-0.279,-0.324,-9.49%,0.030000000000000027
2021-08-05,-0.316,-0.318,-0.313,-0.346,-0.32%,0.0010000000000000009
2021-08-04,-0.317,-0.308,-0.295,-0.341,2.59%,-0.008000000000000007
2021-08-03,-0.309,-0.296,-0.282,-0.318,0.98%,-0.0030000000000000027
2021-08-02,-0.306,-0.271,-0.261,-0.309,9.29%,-0.025999999999999968
2021-07-30,-0.28,-0.268,-0.251,-0.282,4.48%,-0.01200000000000001
2021-07-29,-0.268,-0.259,-0.233,-0.273,5.51%,-0.014000000000000012
2021-07-28,-0.254,-0.261,-0.24,-0.269,-0.39%,0.0010000000000000009
2021-07-27,-0.255,-0.248,-0.238,-0.265,4.51%,-0.01100000000000001
2021-07-26,-0.244,-0.259,-0.22,-0.275,-1.21%,0.0030000000000000027
2021-07-23,-0.247,-0.238,-0.219,-0.249,0.82%,-0.0020000000000000018
2021-07-22,-0.245,-0.221,-0.192,-0.248,16.67%,-0.035
2021-07-21,-0.21,-0.237,-0.203,-0.243,-7.89%,0.018000000000000016
2021-07-20,-0.228,-0.221,-0.21,-0.257,8.57%,-0.018000000000000016
2021-07-19,-0.21,-0.195,-0.183,-0.23,12.90%,-0.023999999999999994
2021-07-16,-0.186,-0.174,-0.163,-0.19,9.41%,-0.015999999999999986
2021-07-15,-0.17,-0.162,-0.153,-0.177,13.33%,-0.020000000000000018
2021-07-14,-0.15,-0.119,-0.103,-0.154,14.50%,-0.01899999999999999
2021-07-13,-0.131,-0.136,-0.119,-0.147,-1.50%,0.0020000000000000018
2021-07-12,-0.133,-0.126,-0.122,-0.152,5.56%,-0.007000000000000006
2021-07-09,-0.126,-0.126,-0.116,-0.151,-3.08%,0.0040000000000000036
2021-07-08,-0.13,-0.157,-0.127,-0.177,0.00%,0.0
2021-07-07,-0.13,-0.104,-0.095,-0.153,22.64%,-0.024000000000000007
2021-07-06,-0.106,-0.038,-0.028,-0.113,165.00%,-0.066
2021-07-05,-0.04,-0.06,-0.038,-0.069,-46.67%,0.034999999999999996
2021-07-02,-0.075,-0.042,-0.036,-0.082,78.57%,-0.032999999999999995
2021-07-01,-0.042,-0.025,-0.006,-0.049,20.00%,-0.006999999999999999
2021-06-30,-0.035,0.001,0.023,-0.044,-391.67%,-0.047
2021-06-29,0.012,-0.009,0.019,-0.016,-250.00%,0.02
2021-06-28,-0.008,0.023,0.031,-0.014,-134.78%,-0.031
2021-06-25,0.023,-0.01,0.039,-0.027,-215.00%,0.043
2021-06-24,-0.02,-0.01,0.008,-0.027,33.33%,-0.005000000000000001
2021-06-23,-0.015,0.003,0.011,-0.037,-400.00%,-0.02
2021-06-22,0.005,-0.005,0.022,-0.021,-150.00%,0.015
2021-06-21,-0.01,-0.043,0.006,-0.046,-62.96%,0.017
2021-06-18,-0.027,-0.03,-0.006,-0.044,80.00%,-0.012
2021-06-17,-0.015,-0.011,0.011,-0.024,-63.41%,0.026000000000000002
2021-06-16,-0.041,-0.029,-0.025,-0.052,41.38%,-0.012
2021-06-15,-0.029,-0.047,-0.019,-0.058,-34.09%,0.014999999999999996
2021-06-14,-0.044,-0.073,-0.037,-0.08,-35.29%,0.024000000000000007
2021-06-11,-0.068,-0.073,-0.059,-0.088,44.68%,-0.021000000000000005
2021-06-10,-0.047,-0.054,-0.008,-0.058,0.00%,0.0
2021-06-09,-0.047,-0.024,-0.014,-0.073,113.64%,-0.025
2021-06-08,-0.022,-0.007,0.011,-0.034,"-1,200.00%",-0.024
2021-06-07,0.002,-0.006,0.012,-0.017,-122.22%,0.011
2021-06-04,-0.009,0.01,0.019,-0.022,-190.00%,-0.019
2021-06-03,0.01,0.002,0.024,-0.004,-225.00%,0.018000000000000002
2021-06-02,-0.008,0.008,0.018,-0.01,-150.00%,-0.024
2021-06-01,0.016,0.018,0.037,-0.004,128.57%,0.009000000000000001
2021-05-31,0.007,0.031,0.052,0.006,-53.33%,-0.008
2021-05-28,0.015,0.043,0.049,0.006,-34.78%,-0.008
2021-05-27,0.023,0.023,0.041,-0.009,-483.33%,0.028999999999999998
2021-05-26,-0.006,0.056,0.071,-0.014,-113.64%,-0.049999999999999996
2021-05-25,0.044,0.056,0.071,0.033,-38.89%,-0.027999999999999997
2021-05-24,0.072,0.072,0.093,0.061,-16.28%,-0.013999999999999999
2021-05-21,0.086,0.102,0.114,0.067,-16.50%,-0.017
2021-05-20,0.103,0.137,0.146,0.101,-10.43%,-0.01200000000000001
2021-05-19,0.115,0.138,0.165,0.093,-12.21%,-0.016
2021-05-18,0.131,0.128,0.144,0.104,2.34%,0.0030000000000000027
2021-05-17,0.128,0.093,0.145,0.09,19.63%,0.021000000000000005
2021-05-14,0.107,0.108,0.126,0.092,-1.83%,-0.0020000000000000018
2021-05-13,0.109,0.055,0.133,0.046,7.92%,0.007999999999999993
2021-05-12,0.101,0.055,0.104,0.046,55.38%,0.036000000000000004
2021-05-11,0.065,0.03,0.074,0.029,306.25%,0.049
2021-05-10,0.016,0.033,0.042,0.007,-5.88%,-0.0010000000000000009
2021-05-07,0.017,-0.018,0.026,-0.041,-270.00%,0.027000000000000003
2021-05-06,-0.01,-0.037,-0.001,-0.05,-65.52%,0.019000000000000003
2021-05-05,-0.029,-0.018,-0.004,-0.035,-19.44%,0.006999999999999996
2021-05-04,-0.036,0.002,0.015,-0.048,"-1,900.00%",-0.038
2021-05-03,0.002,0.002,0.042,-0.023,-50.00%,-0.002
2021-04-30,0.004,-0.003,0.015,-0.014,-60.00%,-0.006
2021-04-29,0.01,-0.033,0.022,-0.039,-126.32%,0.048
2021-04-28,-0.038,-0.04,-0.006,-0.045,-34.48%,0.020000000000000004
2021-04-27,-0.058,-0.056,-0.048,-0.073,-12.12%,0.008
2021-04-26,-0.066,-0.056,-0.04,-0.077,6.45%,-0.0040000000000000036
2021-04-23,-0.062,-0.078,-0.054,-0.09,-7.46%,0.0050000000000000044
2021-04-22,-0.067,-0.088,-0.047,-0.095,-6.94%,0.0049999999999999906
2021-04-21,-0.072,-0.069,-0.046,-0.087,0.00%,0.0
2021-04-20,-0.072,-0.024,-0.021,-0.075,75.61%,-0.030999999999999993
2021-04-19,-0.041,-0.07,-0.016,-0.077,-35.94%,0.023
2021-04-16,-0.064,-0.078,-0.056,-0.09,-29.67%,0.026999999999999996
2021-04-15,-0.091,-0.065,-0.058,-0.097,31.88%,-0.021999999999999992
2021-04-14,-0.069,-0.107,-0.061,-0.112,-27.37%,0.025999999999999995
2021-04-13,-0.095,-0.085,-0.073,-0.108,2.15%,-0.0020000000000000018
2021-04-12,-0.093,-0.115,-0.089,-0.139,-16.96%,0.019000000000000003
2021-04-09,-0.112,-0.138,-0.084,-0.139,-23.29%,0.03399999999999999
2021-04-08,-0.146,-0.134,-0.126,-0.159,11.45%,-0.014999999999999986
2021-04-07,-0.131,-0.147,-0.118,-0.154,3.15%,-0.0040000000000000036
2021-04-06,-0.127,-0.134,-0.099,-0.138,-15.61%,0.022999999999999993
2021-04-05,-0.15,-0.15,-0.15,-0.15,0.00%,0.0
2021-04-02,-0.15,-0.15,-0.15,-0.15,3.79%,-0.0050000000000000044
2021-04-01,-0.145,-0.107,-0.1,-0.15,29.46%,-0.03299999999999999
2021-03-31,-0.112,-0.093,-0.077,-0.122,20.43%,-0.019000000000000003
2021-03-30,-0.093,-0.097,-0.071,-0.105,-26.77%,0.034
2021-03-29,-0.127,-0.161,-0.117,-0.166,-18.59%,0.028999999999999998
2021-03-26,-0.156,-0.168,-0.139,-0.171,-16.13%,0.03
2021-03-25,-0.186,-0.167,-0.16,-0.193,19.23%,-0.03
2021-03-24,-0.156,-0.17,-0.139,-0.176,8.33%,-0.01200000000000001
2021-03-23,-0.144,-0.137,-0.129,-0.159,32.11%,-0.03499999999999999
2021-03-22,-0.109,-0.129,-0.096,-0.136,4.81%,-0.0050000000000000044
2021-03-19,-0.104,-0.105,-0.083,-0.12,30.00%,-0.023999999999999994
2021-03-18,-0.08,-0.077,-0.054,-0.09,-22.33%,0.022999999999999993
2021-03-17,-0.103,-0.146,-0.092,-0.153,-28.97%,0.041999999999999996
2021-03-16,-0.145,-0.148,-0.135,-0.165,-1.36%,0.0020000000000000018
2021-03-15,-0.147,-0.138,-0.109,-0.156,34.86%,-0.03799999999999999
2021-03-12,-0.109,-0.122,-0.101,-0.136,-23.24%,0.03299999999999999
2021-03-11,-0.142,-0.136,-0.115,-0.169,26.79%,-0.029999999999999985
2021-03-10,-0.112,-0.119,-0.101,-0.135,0.00%,0.0
2021-03-09,-0.112,-0.109,-0.095,-0.144,36.59%,-0.03
2021-03-08,-0.082,-0.086,-0.075,-0.108,-15.46%,0.015
2021-03-05,-0.097,-0.099,-0.075,-0.114,-17.80%,0.02099999999999999
2021-03-04,-0.118,-0.114,-0.098,-0.137,35.63%,-0.031
2021-03-03,-0.087,-0.155,-0.083,-0.159,-43.14%,0.066
2021-03-02,-0.153,-0.148,-0.108,-0.157,4.08%,-0.006000000000000005
2021-03-01,-0.147,-0.086,-0.078,-0.158,145.00%,-0.087
2021-02-26,-0.06,-0.049,-0.036,-0.093,100.00%,-0.03
2021-02-25,-0.03,-0.08,-0.012,-0.082,-68.75%,0.066
2021-02-24,-0.096,-0.125,-0.069,-0.134,-19.33%,0.022999999999999993
2021-02-23,-0.119,-0.138,-0.073,-0.14,-23.23%,0.036000000000000004
2021-02-22,-0.155,-0.098,-0.085,-0.17,30.25%,-0.036000000000000004
2021-02-19,-0.119,-0.127,-0.11,-0.146,-19.05%,0.027999999999999997
2021-02-18,-0.147,-0.176,-0.127,-0.183,-19.67%,0.036000000000000004
2021-02-17,-0.183,-0.168,-0.141,-0.189,1.67%,-0.0030000000000000027
2021-02-16,-0.18,-0.223,-0.169,-0.226,-13.88%,0.028999999999999998
2021-02-15,-0.209,-0.226,-0.198,-0.234,-19.31%,0.05000000000000002
2021-02-12,-0.259,-0.289,-0.248,-0.302,-10.38%,0.02999999999999997
2021-02-11,-0.289,-0.29,-0.284,-0.308,5.86%,-0.01599999999999996
2021-02-10,-0.273,-0.276,-0.26,-0.295,-4.21%,0.011999999999999955
2021-02-09,-0.285,-0.279,-0.261,-0.296,-0.70%,0.0020000000000000018
2021-02-08,-0.287,-0.267,-0.248,-0.29,-0.69%,0.0020000000000000018
2021-02-05,-0.289,-0.299,-0.248,-0.303,-1.03%,0.0030000000000000027
2021-02-04,-0.292,-0.297,-0.274,-0.307,-1.68%,0.0050000000000000044
2021-02-03,-0.297,-0.295,-0.285,-0.313,-5.11%,0.016000000000000014
2021-02-02,-0.313,-0.325,-0.298,-0.327,-6.01%,0.020000000000000018
2021-02-01,-0.333,-0.343,-0.314,-0.347,-0.60%,0.0020000000000000018
2021-01-29,-0.335,-0.351,-0.305,-0.359,-7.20%,0.025999999999999968
2021-01-28,-0.361,-0.372,-0.343,-0.384,-1.37%,0.0050000000000000044
2021-01-27,-0.366,-0.366,-0.346,-0.39,-1.61%,0.006000000000000005
2021-01-26,-0.372,-0.389,-0.358,-0.396,-1.85%,0.007000000000000006
2021-01-25,-0.379,-0.352,-0.342,-0.394,9.22%,-0.03200000000000003
2021-01-22,-0.347,-0.346,-0.333,-0.364,0.58%,-0.0020000000000000018
2021-01-21,-0.345,-0.38,-0.327,-0.387,-7.75%,0.029000000000000026
2021-01-20,-0.374,-0.379,-0.366,-0.39,-3.61%,0.014000000000000012
2021-01-19,-0.388,-0.363,-0.36,-0.389,1.57%,-0.006000000000000005
2021-01-18,-0.382,-0.396,-0.361,-0.4,-1.29%,0.0050000000000000044
2021-01-15,-0.387,-0.406,-0.373,-0.408,-4.44%,0.018000000000000016
2021-01-14,-0.405,-0.382,-0.377,-0.419,6.86%,-0.026000000000000023
2021-01-13,-0.379,-0.356,-0.345,-0.391,15.90%,-0.05199999999999999
2021-01-12,-0.327,-0.352,-0.319,-0.361,-8.15%,0.02899999999999997
2021-01-11,-0.356,-0.398,-0.351,-0.399,-7.29%,0.028000000000000025
2021-01-08,-0.384,-0.382,-0.376,-0.4,1.05%,-0.0040000000000000036
2021-01-07,-0.38,-0.38,-0.37,-0.407,-1.30%,0.0050000000000000044
2021-01-06,-0.385,-0.445,-0.366,-0.45,-6.55%,0.02699999999999997
2021-01-05,-0.412,-0.445,-0.405,-0.45,-7.42%,0.03300000000000003
2021-01-04,-0.445,-0.422,-0.411,-0.465,9.07%,-0.03700000000000003
2020-12-30,-0.408,-0.418,-0.402,-0.444,-7.69%,0.03400000000000003
2020-12-29,-0.442,-0.399,-0.391,-0.443,9.68%,-0.03899999999999998
2020-12-28,-0.403,-0.371,-0.354,-0.403,10.85%,-0.039000000000000035
2020-12-24,-0.364,-0.361,-0.361,-0.373,-3.31%,0.01200000000000001
2020-12-23,-0.376,-0.416,-0.356,-0.432,-10.69%,0.044999999999999984
2020-12-22,-0.421,-0.42,-0.393,-0.427,2.43%,-0.010000000000000009
2020-12-21,-0.411,-0.445,-0.401,-0.448,2.24%,-0.008999999999999952
2020-12-18,-0.402,-0.398,-0.367,-0.409,2.29%,-0.009000000000000008
2020-12-17,-0.393,-0.37,-0.364,-0.418,5.08%,-0.019000000000000017
2020-12-16,-0.374,-0.418,-0.354,-0.419,-8.33%,0.033999999999999975
2020-12-15,-0.408,-0.427,-0.404,-0.437,-4.00%,0.017000000000000015
2020-12-14,-0.425,-0.426,-0.401,-0.433,-3.41%,0.015000000000000013
2020-12-11,-0.44,-0.414,-0.407,-0.447,8.91%,-0.035999999999999976
2020-12-10,-0.404,-0.42,-0.381,-0.437,-0.25%,0.0010000000000000009
2020-12-09,-0.405,-0.405,-0.391,-0.415,-2.17%,0.008999999999999952
2020-12-08,-0.414,-0.401,-0.385,-0.423,5.08%,-0.019999999999999962
2020-12-07,-0.394,-0.381,-0.372,-0.401,10.36%,-0.03700000000000003
2020-12-04,-0.357,-0.366,-0.343,-0.381,-1.38%,0.0050000000000000044
2020-12-03,-0.362,-0.332,-0.322,-0.366,11.04%,-0.035999999999999976
2020-12-02,-0.326,-0.325,-0.311,-0.338,1.24%,-0.0040000000000000036
2020-12-01,-0.322,-0.383,-0.317,-0.389,-14.13%,0.05299999999999999
2020-11-30,-0.375,-0.402,-0.366,-0.414,-5.30%,0.02100000000000002
2020-11-27,-0.396,-0.404,-0.382,-0.407,-1.74%,0.007000000000000006
2020-11-26,-0.403,-0.383,-0.376,-0.406,3.60%,-0.014000000000000012
2020-11-25,-0.389,-0.379,-0.361,-0.399,2.10%,-0.008000000000000007
2020-11-24,-0.381,-0.392,-0.373,-0.4,-4.51%,0.018000000000000016
2020-11-23,-0.399,-0.41,-0.382,-0.414,-1.48%,0.006000000000000005
2020-11-20,-0.405,-0.4,-0.385,-0.414,3.05%,-0.01200000000000001
2020-11-19,-0.393,-0.384,-0.376,-0.403,3.97%,-0.015000000000000013
2020-11-18,-0.378,-0.393,-0.365,-0.398,-5.03%,0.020000000000000018
2020-11-17,-0.398,-0.377,-0.364,-0.404,3.92%,-0.015000000000000013
2020-11-16,-0.383,-0.381,-0.339,-0.4,3.51%,-0.013000000000000012
2020-11-13,-0.37,-0.37,-0.352,-0.389,2.21%,-0.008000000000000007
2020-11-12,-0.362,-0.345,-0.318,-0.362,10.70%,-0.034999999999999976
2020-11-11,-0.327,-0.297,-0.28,-0.339,10.47%,-0.031000000000000028
2020-11-10,-0.296,-0.334,-0.292,-0.337,-10.03%,0.03300000000000003
2020-11-09,-0.329,-0.434,-0.315,-0.455,-23.49%,0.10099999999999998
2020-11-06,-0.43,-0.44,-0.411,-0.458,-3.59%,0.016000000000000014
2020-11-05,-0.446,-0.454,-0.423,-0.465,-0.45%,0.0020000000000000018
2020-11-04,-0.448,-0.461,-0.422,-0.465,4.19%,-0.018000000000000016
2020-11-03,-0.43,-0.431,-0.409,-0.439,-2.71%,0.01200000000000001
2020-11-02,-0.442,-0.431,-0.407,-0.445,5.24%,-0.02200000000000002
2020-10-30,-0.42,-0.425,-0.409,-0.441,-4.55%,0.020000000000000018
2020-10-29,-0.44,-0.418,-0.406,-0.447,4.76%,-0.020000000000000018
2020-10-28,-0.42,-0.427,-0.401,-0.447,1.69%,-0.007000000000000006
2020-10-27,-0.413,-0.38,-0.369,-0.423,6.17%,-0.023999999999999966
2020-10-26,-0.389,-0.4,-0.36,-0.407,5.14%,-0.019000000000000017
2020-10-23,-0.37,-0.376,-0.348,-0.386,2.49%,-0.009000000000000008
2020-10-22,-0.361,-0.399,-0.357,-0.402,-7.91%,0.031000000000000028
2020-10-21,-0.392,-0.391,-0.364,-0.411,-2.73%,0.01100000000000001
2020-10-20,-0.403,-0.43,-0.387,-0.433,-6.50%,0.02799999999999997
2020-10-19,-0.431,-0.422,-0.401,-0.434,1.17%,-0.0050000000000000044
2020-10-16,-0.426,-0.417,-0.41,-0.442,1.91%,-0.008000000000000007
2020-10-15,-0.418,-0.415,-0.406,-0.445,3.98%,-0.01599999999999996
2020-10-14,-0.402,-0.388,-0.375,-0.41,7.77%,-0.029000000000000026
2020-10-13,-0.373,-0.366,-0.356,-0.388,3.32%,-0.01200000000000001
2020-10-12,-0.361,-0.355,-0.348,-0.373,5.56%,-0.01899999999999996
2020-10-09,-0.342,-0.353,-0.34,-0.373,-1.44%,0.004999999999999949
2020-10-08,-0.347,-0.323,-0.309,-0.349,9.81%,-0.030999999999999972
2020-10-07,-0.316,-0.346,-0.297,-0.347,0.96%,-0.0030000000000000027
2020-10-06,-0.313,-0.324,-0.305,-0.338,0.64%,-0.0020000000000000018
2020-10-05,-0.311,-0.349,-0.31,-0.357,-10.50%,0.035999999999999976
2020-10-03,-0.347,-0.347,-0.347,-0.347,0.43%,-0.0010000000000000009
2020-10-02,-0.346,-0.343,-0.327,-0.361,2.98%,-0.009999999999999953
2020-10-01,-0.336,-0.318,-0.299,-0.345,5.00%,-0.016000000000000014
2020-09-30,-0.32,-0.34,-0.313,-0.356,-9.86%,0.034999999999999976
2020-09-29,-0.355,-0.34,-0.324,-0.355,5.65%,-0.01899999999999996
2020-09-28,-0.336,-0.328,-0.307,-0.338,-0.30%,0.0010000000000000009
2020-09-25,-0.337,-0.319,-0.307,-0.344,8.71%,-0.027000000000000024
2020-09-24,-0.31,-0.335,-0.309,-0.347,0.00%,0.0
2020-09-23,-0.31,-0.335,-0.305,-0.344,-5.49%,0.018000000000000016
2020-09-22,-0.328,-0.342,-0.312,-0.355,-6.82%,0.023999999999999966
2020-09-21,-0.352,-0.306,-0.295,-0.361,12.28%,-0.03899999999999998
2020-09-19,-0.313,-0.313,-0.313,-0.313,2.79%,-0.008000000000000007
2020-09-18,-0.305,-0.308,-0.295,-0.336,-0.33%,0.0010000000000000009
2020-09-17,-0.306,-0.306,-0.279,-0.337,0.66%,-0.0020000000000000018
2020-09-16,-0.304,-0.288,-0.283,-0.319,6.29%,-0.018000000000000016
2020-09-15,-0.286,-0.288,-0.272,-0.303,-3.70%,0.01100000000000001
2020-09-14,-0.297,-0.297,-0.279,-0.315,5.69%,-0.01599999999999996
2020-09-11,-0.281,-0.271,-0.25,-0.292,21.65%,-0.05000000000000002
2020-09-10,-0.231,-0.262,-0.22,-0.283,-13.81%,0.037000000000000005
2020-09-09,-0.268,-0.312,-0.255,-0.315,-11.84%,0.035999999999999976
2020-09-08,-0.304,-0.273,-0.257,-0.315,-8.71%,0.029000000000000026
2020-09-07,-0.333,-0.308,-0.297,-0.348,-4.31%,0.014999999999999958
2020-09-04,-0.348,-0.354,-0.311,-0.359,2.05%,-0.006999999999999951
2020-09-03,-0.341,-0.333,-0.307,-0.372,-0.87%,0.002999999999999947
2020-09-02,-0.344,-0.296,-0.281,-0.346,17.41%,-0.05099999999999999
2020-09-01,-0.293,-0.274,-0.227,-0.295,10.98%,-0.02899999999999997
2020-08-31,-0.264,-0.285,-0.231,-0.285,-5.71%,0.016000000000000014
2020-08-28,-0.28,-0.262,-0.227,-0.292,0.72%,-0.0020000000000000018
2020-08-27,-0.278,-0.295,-0.24,-0.334,5.70%,-0.015000000000000013
2020-08-26,-0.263,-0.237,-0.234,-0.287,-5.05%,0.014000000000000012
2020-08-25,-0.277,-0.319,-0.245,-0.324,-16.82%,0.055999999999999994
2020-08-24,-0.333,-0.336,-0.302,-0.347,-6.33%,0.022999999999999965
2020-08-23,-0.356,-0.356,-0.356,-0.356,0.00%,0.0
2020-08-22,-0.356,-0.356,-0.356,-0.356,2.45%,-0.009000000000000008
2020-08-21,-0.347,-0.338,-0.314,-0.364,1.17%,-0.003999999999999948
2020-08-20,-0.343,-0.31,-0.289,-0.357,9.24%,-0.029000000000000026
2020-08-19,-0.314,-0.309,-0.287,-0.336,8.65%,-0.025000000000000022
2020-08-18,-0.289,-0.288,-0.262,-0.311,-3.02%,0.009000000000000008
2020-08-17,-0.298,-0.267,-0.243,-0.298,23.65%,-0.056999999999999995
2020-08-14,-0.241,-0.265,-0.233,-0.273,-10.07%,0.027000000000000024
2020-08-13,-0.268,-0.295,-0.241,-0.323,-11.55%,0.034999999999999976
2020-08-12,-0.303,-0.308,-0.26,-0.315,-5.61%,0.018000000000000016
2020-08-11,-0.321,-0.367,-0.293,-0.371,-12.53%,0.045999999999999985
2020-08-10,-0.367,-0.311,-0.298,-0.38,7.00%,-0.023999999999999966
2020-08-07,-0.343,-0.36,-0.32,-0.373,-4.46%,0.01599999999999996
2020-08-06,-0.359,-0.333,-0.304,-0.378,11.84%,-0.03799999999999998
2020-08-05,-0.321,-0.378,-0.311,-0.381,-14.85%,0.055999999999999994
2020-08-04,-0.377,-0.345,-0.319,-0.388,13.90%,-0.045999999999999985
2020-08-03,-0.331,-0.35,-0.308,-0.353,-2.36%,0.008000000000000007
2020-07-31,-0.339,-0.373,-0.324,-0.386,-7.12%,0.025999999999999968
2020-07-30,-0.365,-0.34,-0.316,-0.378,12.31%,-0.03999999999999998
2020-07-29,-0.325,-0.329,-0.298,-0.347,-3.27%,0.01100000000000001
2020-07-28,-0.336,-0.313,-0.293,-0.345,5.33%,-0.017000000000000015
2020-07-27,-0.319,-0.284,-0.257,-0.323,16.42%,-0.044999999999999984
2020-07-24,-0.274,-0.317,-0.245,-0.328,-12.18%,0.03799999999999998
2020-07-23,-0.312,-0.314,-0.287,-0.324,-3.41%,0.01100000000000001
2020-07-22,-0.323,-0.291,-0.27,-0.329,11.38%,-0.03300000000000003
2020-07-21,-0.29,-0.272,-0.265,-0.303,-1.36%,0.0040000000000000036
2020-07-20,-0.294,-0.23,-0.229,-0.312,6.52%,-0.01799999999999996
2020-07-17,-0.276,-0.291,-0.257,-0.304,-5.80%,0.01699999999999996
2020-07-16,-0.293,-0.262,-0.242,-0.307,16.27%,-0.04099999999999998
2020-07-15,-0.252,-0.266,-0.234,-0.288,-5.62%,0.015000000000000013
2020-07-14,-0.267,-0.234,-0.22,-0.272,23.61%,-0.05100000000000002
2020-07-13,-0.216,-0.269,-0.209,-0.282,-21.74%,0.060000000000000026
2020-07-10,-0.276,-0.301,-0.268,-0.312,-4.50%,0.012999999999999956
2020-07-09,-0.289,-0.253,-0.246,-0.296,16.06%,-0.03999999999999998
2020-07-08,-0.249,-0.264,-0.241,-0.28,-1.58%,0.0040000000000000036
2020-07-07,-0.253,-0.266,-0.221,-0.274,7.20%,-0.017000000000000015
2020-07-06,-0.236,-0.247,-0.22,-0.263,-5.60%,0.014000000000000012
2020-07-03,-0.25,-0.23,-0.228,-0.269,1.21%,-0.0030000000000000027
2020-07-02,-0.247,-0.201,-0.18,-0.261,26.02%,-0.05099999999999999
2020-07-01,-0.196,-0.234,-0.171,-0.257,-22.53%,0.056999999999999995
2020-06-30,-0.253,-0.243,-0.234,-0.282,-1.56%,0.0040000000000000036
2020-06-29,-0.257,-0.253,-0.225,-0.262,-6.20%,0.017000000000000015
2020-06-27,-0.274,-0.275,-0.274,-0.275,2.62%,-0.007000000000000006
2020-06-26,-0.267,-0.262,-0.234,-0.272,8.10%,-0.020000000000000018
2020-06-25,-0.247,-0.257,-0.227,-0.273,7.86%,-0.017999999999999988
2020-06-24,-0.229,-0.196,-0.177,-0.244,5.05%,-0.01100000000000001
2020-06-23,-0.218,-0.243,-0.196,-0.254,-12.10%,0.03
2020-06-22,-0.248,-0.234,-0.208,-0.28,4.20%,-0.010000000000000009
2020-06-20,-0.238,-0.238,-0.238,-0.238,0.21%,-0.0010000000000000009
2020-06-19,-0.237,-0.219,-0.199,-0.243,13.10%,-0.026999999999999996
2020-06-18,-0.21,-0.191,-0.164,-0.224,20.00%,-0.035
2020-06-17,-0.175,-0.168,-0.142,-0.212,0.57%,-0.0010000000000000009
2020-06-16,-0.174,-0.155,-0.149,-0.207,-12.12%,0.02400000000000002
2020-06-15,-0.198,-0.204,-0.174,-0.224,2.59%,-0.0050000000000000044
2020-06-12,-0.193,-0.161,-0.138,-0.197,26.97%,-0.04100000000000001
2020-06-11,-0.152,-0.125,-0.108,-0.185,80.95%,-0.06799999999999999
2020-06-10,-0.084,-0.073,-0.055,-0.113,-2.33%,0.001999999999999988
2020-06-09,-0.086,-0.085,-0.061,-0.131,1.18%,-0.000999999999999987
2020-06-08,-0.085,-0.068,-0.035,-0.108,51.79%,-0.029000000000000005
2020-06-05,-0.056,-0.047,-0.01,-0.089,-36.36%,0.031999999999999994
2020-06-04,-0.088,-0.071,-0.036,-0.109,22.22%,-0.016
2020-06-03,-0.072,-0.097,-0.048,-0.137,-47.06%,0.06400000000000002
2020-06-02,-0.136,-0.129,-0.105,-0.154,14.29%,-0.017000000000000015
2020-06-01,-0.119,-0.145,-0.089,-0.164,-29.59%,0.05000000000000002
2020-05-29,-0.169,-0.158,-0.124,-0.187,19.86%,-0.028000000000000025
2020-05-28,-0.141,-0.091,-0.064,-0.155,39.60%,-0.03999999999999998
2020-05-27,-0.101,-0.079,-0.043,-0.115,12.22%,-0.01100000000000001
2020-05-26,-0.09,-0.084,-0.05,-0.105,-34.78%,0.048000000000000015
2020-05-25,-0.138,-0.131,-0.105,-0.148,0.73%,-0.0010000000000000009
2020-05-23,-0.137,-0.137,-0.137,-0.137,3.79%,-0.0050000000000000044
2020-05-22,-0.132,-0.143,-0.107,-0.17,-9.59%,0.013999999999999985
2020-05-21,-0.146,-0.098,-0.062,-0.157,17.74%,-0.021999999999999992
2020-05-20,-0.124,-0.098,-0.062,-0.127,16.98%,-0.018000000000000002
2020-05-19,-0.106,-0.065,-0.043,-0.12,103.85%,-0.054
2020-05-18,-0.052,-0.119,-0.044,-0.159,-61.19%,0.08200000000000002
2020-05-15,-0.134,-0.135,-0.109,-0.173,-4.29%,0.006000000000000005
2020-05-14,-0.14,-0.161,-0.103,-0.17,12.00%,-0.015000000000000013
2020-05-13,-0.125,-0.124,-0.096,-0.151,28.87%,-0.027999999999999997
2020-05-12,-0.097,-0.066,-0.047,-0.115,6.59%,-0.006000000000000005
2020-05-11,-0.091,-0.115,-0.067,-0.121,-27.78%,0.035
2020-05-08,-0.126,-0.143,-0.092,-0.154,5.00%,-0.006000000000000005
2020-05-07,-0.12,-0.081,-0.045,-0.137,57.89%,-0.044
2020-05-06,-0.076,-0.139,-0.069,-0.148,-53.09%,0.08600000000000001
2020-05-05,-0.162,-0.137,-0.095,-0.178,1.25%,-0.0020000000000000018
2020-05-04,-0.16,-0.156,-0.116,-0.177,-16.67%,0.032
2020-05-01,-0.192,-0.188,-0.18,-0.192,13.61%,-0.022999999999999993
2020-04-30,-0.169,-0.117,-0.082,-0.191,59.43%,-0.06300000000000001
2020-04-29,-0.106,-0.071,-0.032,-0.115,96.30%,-0.052
2020-04-28,-0.054,-0.038,0.009,-0.075,42.11%,-0.016
2020-04-27,-0.038,-0.039,0.005,-0.059,35.71%,-0.009999999999999998
2020-04-24,-0.028,-0.014,0.028,-0.044,-200.00%,-0.056
2020-04-23,0.028,0.088,0.113,0.013,-50.88%,-0.029
2020-04-22,0.057,0.027,0.072,0.005,-914.29%,0.064
2020-04-21,-0.007,0.033,0.043,-0.032,-118.42%,-0.045
2020-04-20,0.038,-0.007,0.057,-0.029,-445.45%,0.049
2020-04-17,-0.011,0.025,0.036,-0.025,-15.38%,0.002
2020-04-16,-0.013,0.043,0.055,-0.025,-27.78%,0.004999999999999999
2020-04-15,-0.018,0.023,0.056,-0.034,-140.91%,-0.062
2020-04-14,0.044,0.082,0.112,0.022,-24.79%,-0.014000000000000005
2020-04-13,0.058,0.058,0.058,0.058,0.86%,0.0
2020-04-10,0.058,0.058,0.07,0.058,-24.68%,-0.018999999999999996
2020-04-09,0.077,0.158,0.166,0.066,-37.90%,-0.047
2020-04-08,0.124,0.118,0.175,0.079,0.00%,0.0
2020-04-07,0.124,0.067,0.147,0.063,359.26%,0.097
2020-04-06,0.027,0.049,0.092,0.019,50.00%,0.009000000000000001
2020-04-03,0.018,0.057,0.061,-0.008,-18.18%,-0.004
2020-04-02,0.022,0.024,0.082,0.002,"1,000.00%",0.019999999999999997
2020-04-01,0.002,-0.079,0.025,-0.098,-108.70%,0.025
2020-03-31,-0.023,-0.054,-0.023,-0.023,-71.60%,0.058
2020-03-30,-0.081,-0.065,-0.059,-0.144,5.19%,-0.0040000000000000036
2020-03-27,-0.077,0.033,0.076,-0.097,-186.52%,-0.16599999999999998
2020-03-26,0.089,0.194,0.209,0.052,-64.26%,-0.16
2020-03-25,0.249,0.168,0.25,0.147,45.61%,0.07799999999999999
2020-03-24,0.171,0.122,0.182,0.077,103.57%,0.08700000000000001
2020-03-23,0.084,0.095,0.109,0.039,-37.31%,-0.05
2020-03-20,0.134,0.169,0.223,0.085,-49.22%,-0.13
2020-03-19,0.264,0.24,0.338,0.001,-9.95%,-0.02899999999999997
2020-03-18,0.293,0.204,0.31,0.204,236.78%,0.206
2020-03-17,0.087,0.101,0.14,0.071,45.00%,0.026999999999999996
2020-03-16,0.06,-0.041,0.06,-0.041,-166.67%,0.15
2020-03-13,-0.09,-0.23,-0.09,-0.243,-75.07%,0.271
2020-03-12,-0.361,-0.4,-0.345,-0.412,-2.43%,0.009000000000000008
2020-03-11,-0.37,-0.368,-0.352,-0.39,-5.85%,0.02300000000000002
2020-03-10,-0.393,-0.405,-0.32,-0.418,-14.00%,0.064
2020-03-09,-0.457,-0.471,-0.457,-0.526,12.56%,-0.05099999999999999
2020-03-06,-0.406,-0.446,-0.387,-0.447,-2.40%,0.009999999999999953
2020-03-05,-0.416,-0.376,-0.37,-0.424,5.32%,-0.020999999999999963
2020-03-04,-0.395,-0.385,-0.364,-0.398,2.33%,-0.009000000000000008
2020-03-03,-0.386,-0.34,-0.306,-0.387,11.24%,-0.039000000000000035
2020-03-02,-0.347,-0.338,-0.338,-0.41,-0.29%,0.0010000000000000009
2020-02-28,-0.348,-0.357,-0.329,-0.376,11.18%,-0.034999999999999976
2020-02-27,-0.313,-0.298,-0.292,-0.329,8.68%,-0.025000000000000022
2020-02-26,-0.288,-0.296,-0.258,-0.32,-6.49%,0.020000000000000018
2020-02-25,-0.308,-0.278,-0.276,-0.313,6.94%,-0.020000000000000018
2020-02-24,-0.288,-0.284,-0.281,-0.314,15.66%,-0.03899999999999998
2020-02-21,-0.249,-0.268,-0.246,-0.279,-2.73%,0.007000000000000006
2020-02-20,-0.256,-0.229,-0.228,-0.261,10.82%,-0.024999999999999994
2020-02-19,-0.231,-0.209,-0.207,-0.238,3.12%,-0.007000000000000006
2020-02-18,-0.224,-0.245,-0.206,-0.248,3.70%,-0.008000000000000007
2020-02-17,-0.216,-0.196,-0.196,-0.225,0.47%,-0.0010000000000000009
2020-02-14,-0.215,-0.2,-0.198,-0.226,6.44%,-0.012999999999999984
2020-02-13,-0.202,-0.213,-0.187,-0.227,5.76%,-0.01100000000000001
2020-02-12,-0.191,-0.173,-0.163,-0.199,-4.02%,0.008000000000000007
2020-02-11,-0.199,-0.196,-0.186,-0.216,-7.87%,0.016999999999999987
2020-02-10,-0.216,-0.187,-0.181,-0.216,17.39%,-0.032
2020-02-07,-0.184,-0.18,-0.167,-0.2,13.58%,-0.021999999999999992
2020-02-06,-0.162,-0.152,-0.137,-0.166,0.62%,-0.0010000000000000009
2020-02-05,-0.161,-0.206,-0.15,-0.209,-18.27%,0.036000000000000004
2020-02-04,-0.197,-0.221,-0.186,-0.226,-17.92%,0.04299999999999998
2020-02-03,-0.24,-0.227,-0.212,-0.242,0.00%,0.0
2020-01-31,-0.24,-0.204,-0.197,-0.244,17.07%,-0.035
2020-01-30,-0.205,-0.205,-0.188,-0.214,15.17%,-0.026999999999999996
2020-01-29,-0.178,-0.159,-0.154,-0.184,24.48%,-0.035
2020-01-28,-0.143,-0.181,-0.142,-0.199,-21.43%,0.03900000000000001
2020-01-27,-0.182,-0.14,-0.136,-0.189,34.81%,-0.046999999999999986
2020-01-24,-0.135,-0.092,-0.083,-0.138,19.47%,-0.022000000000000006
2020-01-23,-0.113,-0.07,-0.069,-0.117,79.37%,-0.05
2020-01-22,-0.063,-0.041,-0.038,-0.075,28.57%,-0.013999999999999999
2020-01-21,-0.049,-0.02,-0.013,-0.058,157.89%,-0.030000000000000002
2020-01-20,-0.019,-0.017,-0.009,-0.023,-13.64%,0.002999999999999999
2020-01-17,-0.022,-0.022,-0.008,-0.036,-12.00%,0.0030000000000000027
2020-01-16,-0.025,-0.018,-0.011,-0.038,8.70%,-0.0020000000000000018
2020-01-15,-0.023,-0.013,-0.011,-0.037,-309.09%,-0.034
2020-01-14,0.011,0.021,0.021,0.002,-47.62%,-0.010000000000000002
2020-01-13,0.021,-0.01,0.028,-0.014,-210.53%,0.04
2020-01-10,-0.019,-0.006,0.017,-0.019,-371.43%,-0.026
2020-01-09,0.007,0.005,0.009,-0.019,-153.85%,0.02
2020-01-08,-0.013,-0.063,-0.011,-0.065,-73.47%,0.036000000000000004
2020-01-07,-0.049,-0.047,-0.037,-0.063,-2.00%,0.0010000000000000009
2020-01-06,-0.05,-0.037,-0.029,-0.076,-5.66%,0.0029999999999999957
2020-01-03,-0.053,-0.037,-0.029,-0.068,-762.50%,-0.061
2020-01-02,0.008,0.061,0.074,-0.006,-83.33%,-0.04
2019-12-31,0.048,-0.002,0.057,-0.004,2.13%,0.0010000000000000009
2019-12-30,0.047,-0.002,0.057,-0.004,-435.71%,0.061
2019-12-27,-0.014,-0.018,-0.007,-0.024,-6.67%,0.0009999999999999992
2019-12-26,-0.015,-0.015,-0.015,-0.015,0.00%,0.0
2019-12-25,-0.015,-0.015,-0.015,-0.015,0.00%,0.0
2019-12-24,-0.015,-0.015,-0.015,-0.015,36.36%,-0.004
2019-12-23,-0.011,-0.034,-0.006,-0.04,-26.67%,0.004
2019-12-20,-0.015,0.002,0.013,-0.022,400.00%,-0.012
2019-12-19,-0.003,-0.006,0.024,-0.009,-83.33%,0.015
2019-12-18,-0.018,-0.059,-0.005,-0.072,-68.97%,0.04000000000000001
2019-12-17,-0.058,-0.065,-0.048,-0.072,23.40%,-0.011000000000000003
2019-12-16,-0.047,-0.056,-0.04,-0.082,-29.85%,0.020000000000000004
2019-12-13,-0.067,0.01,0.015,-0.069,219.05%,-0.046
2019-12-12,-0.021,-0.067,-0.017,-0.094,-69.12%,0.047
2019-12-11,-0.068,-0.053,-0.046,-0.072,54.55%,-0.024000000000000007
2019-12-10,-0.044,-0.05,-0.031,-0.055,-10.20%,0.0050000000000000044
2019-12-09,-0.049,-0.045,-0.04,-0.067,22.50%,-0.009000000000000001
2019-12-07,-0.04,-0.04,-0.04,-0.04,-8.05%,0.0029999999999999957
2019-12-06,-0.043,-0.052,-0.03,-0.065,-7.45%,0.0040000000000000036
2019-12-05,-0.047,-0.066,-0.03,-0.074,-30.88%,0.021000000000000005
2019-12-04,-0.068,-0.114,-0.067,-0.12,-33.98%,0.03499999999999999
2019-12-03,-0.103,-0.028,-0.019,-0.105,202.94%,-0.06899999999999999
2019-12-02,-0.034,-0.064,-0.021,-0.064,-69.37%,0.077
2019-11-29,-0.111,-0.105,-0.091,-0.12,2.78%,-0.0030000000000000027
2019-11-28,-0.108,-0.123,-0.102,-0.133,-7.69%,0.009000000000000008
2019-11-27,-0.117,-0.116,-0.1,-0.123,4.46%,-0.0050000000000000044
2019-11-26,-0.112,-0.084,-0.084,-0.119,28.74%,-0.02500000000000001
2019-11-25,-0.087,-0.094,-0.082,-0.103,-13.86%,0.014000000000000012
2019-11-22,-0.101,-0.058,-0.046,-0.106,57.81%,-0.037000000000000005
2019-11-21,-0.064,-0.093,-0.061,-0.101,-28.09%,0.024999999999999994
2019-11-20,-0.089,-0.127,-0.086,-0.13,11.25%,-0.008999999999999994
2019-11-19,-0.08,-0.078,-0.069,-0.091,0.00%,0.0
2019-11-18,-0.08,-0.074,-0.059,-0.1,9.59%,-0.007000000000000006
2019-11-15,-0.073,-0.073,-0.067,-0.09,-19.78%,0.018000000000000002
2019-11-14,-0.091,-0.056,-0.056,-0.093,85.71%,-0.041999999999999996
2019-11-13,-0.049,-0.027,-0.023,-0.059,308.33%,-0.037000000000000005
2019-11-12,-0.012,-0.002,0.011,-0.016,140.00%,-0.007
2019-11-11,-0.005,-0.029,-0.004,-0.035,-82.14%,0.023
2019-11-08,-0.028,-0.017,0.019,-0.032,460.00%,-0.023
2019-11-07,-0.005,-0.078,-0.002,-0.086,-94.19%,0.08099999999999999
2019-11-06,-0.086,-0.068,-0.058,-0.094,21.13%,-0.015
2019-11-05,-0.071,-0.084,-0.063,-0.091,-34.86%,0.038000000000000006
2019-11-04,-0.109,-0.122,-0.102,-0.129,-18.05%,0.024000000000000007
2019-11-01,-0.133,-0.158,-0.129,-0.172,-17.39%,0.027999999999999997
2019-10-31,-0.161,-0.155,-0.15,-0.179,37.61%,-0.044
2019-10-30,-0.117,-0.107,-0.105,-0.134,-2.50%,0.002999999999999989
2019-10-29,-0.12,-0.106,-0.102,-0.125,30.43%,-0.027999999999999997
2019-10-28,-0.092,-0.119,-0.084,-0.127,-30.83%,0.04100000000000001
2019-10-25,-0.133,-0.153,-0.131,-0.164,-20.83%,0.035
2019-10-24,-0.168,-0.163,-0.123,-0.178,7.01%,-0.01100000000000001
2019-10-23,-0.157,-0.168,-0.151,-0.176,20.77%,-0.026999999999999996
2019-10-22,-0.13,-0.122,-0.119,-0.145,16.07%,-0.018000000000000002
2019-10-21,-0.112,-0.141,-0.106,-0.141,-27.27%,0.041999999999999996
2019-10-18,-0.154,-0.167,-0.139,-0.174,-12.00%,0.02099999999999999
2019-10-17,-0.175,-0.17,-0.114,-0.177,9.38%,-0.014999999999999986
2019-10-16,-0.16,-0.17,-0.153,-0.204,-11.60%,0.02099999999999999
2019-10-15,-0.181,-0.208,-0.167,-0.227,-11.27%,0.022999999999999993
2019-10-14,-0.204,-0.221,-0.201,-0.228,7.94%,-0.014999999999999986
2019-10-11,-0.189,-0.217,-0.176,-0.239,-12.09%,0.025999999999999995
2019-10-10,-0.215,-0.278,-0.212,-0.286,-24.30%,0.06899999999999998
2019-10-09,-0.284,-0.32,-0.28,-0.323,-13.68%,0.04500000000000004
2019-10-08,-0.329,-0.294,-0.286,-0.33,7.17%,-0.02200000000000002
2019-10-07,-0.307,-0.324,-0.301,-0.334,-3.76%,0.01200000000000001
2019-10-04,-0.319,-0.328,-0.309,-0.336,0.63%,-0.0020000000000000018
2019-10-03,-0.317,-0.3,-0.29,-0.334,12.41%,-0.03500000000000003
2019-10-02,-0.282,-0.277,-0.26,-0.289,-4.41%,0.013000000000000012
2019-10-01,-0.295,-0.285,-0.242,-0.301,-2.96%,0.009000000000000008
2019-09-30,-0.304,-0.287,-0.28,-0.314,-2.56%,0.008000000000000007
2019-09-28,-0.312,-0.312,-0.312,-0.312,-0.95%,0.0030000000000000027
2019-09-27,-0.315,-0.317,-0.302,-0.336,-0.94%,0.0030000000000000027
2019-09-26,-0.318,-0.31,-0.294,-0.329,5.30%,-0.016000000000000014
2019-09-25,-0.302,-0.325,-0.298,-0.344,-7.65%,0.025000000000000022
2019-09-24,-0.327,-0.31,-0.291,-0.332,4.14%,-0.013000000000000012
2019-09-23,-0.314,-0.251,-0.238,-0.328,26.61%,-0.066
2019-09-20,-0.248,-0.235,-0.231,-0.256,4.20%,-0.010000000000000009
2019-09-19,-0.238,-0.222,-0.208,-0.244,-2.86%,0.007000000000000006
2019-09-18,-0.245,-0.211,-0.21,-0.248,15.57%,-0.033
2019-09-17,-0.212,-0.229,-0.199,-0.237,-6.61%,0.015000000000000013
2019-09-16,-0.227,-0.201,-0.189,-0.235,15.82%,-0.031
2019-09-13,-0.196,-0.234,-0.181,-0.242,-20.65%,0.05099999999999999
2019-09-12,-0.247,-0.292,-0.244,-0.377,-13.03%,0.03699999999999998
2019-09-11,-0.284,-0.262,-0.248,-0.297,4.41%,-0.011999999999999955
2019-09-10,-0.272,-0.288,-0.264,-0.305,-9.03%,0.02699999999999997
2019-09-09,-0.299,-0.345,-0.282,-0.347,-16.25%,0.057999999999999996
2019-09-06,-0.357,-0.315,-0.301,-0.358,19.80%,-0.059
2019-09-05,-0.298,-0.375,-0.289,-0.382,-23.59%,0.09200000000000003
2019-09-04,-0.39,-0.39,-0.342,-0.4,-6.25%,0.025999999999999968
2019-09-03,-0.416,-0.424,-0.401,-0.449,1.96%,-0.008000000000000007
2019-09-02,-0.408,-0.414,-0.388,-0.417,-3.09%,0.013000000000000012
2019-08-30,-0.421,-0.413,-0.401,-0.434,0.24%,-0.0010000000000000009
2019-08-29,-0.42,-0.44,-0.407,-0.447,-6.25%,0.028000000000000025
2019-08-28,-0.448,-0.429,-0.426,-0.461,4.19%,-0.018000000000000016
2019-08-27,-0.43,-0.407,-0.398,-0.433,8.86%,-0.034999999999999976
2019-08-26,-0.395,-0.4,-0.382,-0.412,-2.23%,0.009000000000000008
2019-08-23,-0.404,-0.363,-0.338,-0.41,7.16%,-0.027000000000000024
2019-08-22,-0.377,-0.416,-0.345,-0.417,-7.14%,0.029000000000000026
2019-08-21,-0.406,-0.391,-0.369,-0.414,-0.98%,0.003999999999999948
2019-08-20,-0.41,-0.377,-0.377,-0.428,10.51%,-0.03899999999999998
2019-08-19,-0.371,-0.411,-0.349,-0.414,-9.29%,0.03799999999999998
2019-08-16,-0.409,-0.432,-0.375,-0.453,-5.54%,0.02400000000000002
2019-08-15,-0.433,-0.38,-0.369,-0.435,13.65%,-0.05199999999999999
2019-08-14,-0.381,-0.351,-0.345,-0.385,12.06%,-0.04099999999999998
2019-08-13,-0.34,-0.343,-0.318,-0.347,5.26%,-0.017000000000000015
2019-08-12,-0.323,-0.312,-0.306,-0.326,5.21%,-0.016000000000000014
2019-08-09,-0.307,-0.333,-0.297,-0.333,2.33%,-0.007000000000000006
2019-08-08,-0.3,-0.294,-0.275,-0.325,-8.54%,0.028000000000000025
2019-08-07,-0.328,-0.293,-0.287,-0.352,18.84%,-0.05199999999999999
2019-08-06,-0.276,-0.272,-0.254,-0.286,7.81%,-0.020000000000000018
2019-08-05,-0.256,-0.28,-0.246,-0.282,8.02%,-0.019000000000000017
2019-08-02,-0.237,-0.237,-0.216,-0.251,21.54%,-0.04199999999999998
2019-08-01,-0.195,-0.184,-0.166,-0.213,-1.02%,0.0020000000000000018
2019-07-31,-0.197,-0.172,-0.164,-0.198,20.12%,-0.033
2019-07-30,-0.164,-0.163,-0.153,-0.174,1.86%,-0.0030000000000000027
2019-07-29,-0.161,-0.156,-0.152,-0.169,11.81%,-0.017000000000000015
2019-07-27,-0.144,-0.144,-0.144,-0.144,0.70%,-0.0010000000000000009
2019-07-26,-0.143,-0.144,-0.126,-0.149,10.00%,-0.012999999999999984
2019-07-25,-0.13,-0.146,-0.099,-0.186,-8.45%,0.011999999999999983
2019-07-24,-0.142,-0.114,-0.109,-0.156,21.37%,-0.02499999999999998
2019-07-23,-0.117,-0.107,-0.103,-0.127,3.54%,-0.0040000000000000036
2019-07-22,-0.113,-0.09,-0.087,-0.117,15.31%,-0.015
2019-07-19,-0.098,-0.09,-0.083,-0.102,16.67%,-0.013999999999999999
2019-07-18,-0.084,-0.074,-0.067,-0.096,52.73%,-0.029000000000000005
2019-07-17,-0.055,-0.042,-0.032,-0.066,205.56%,-0.037000000000000005
2019-07-16,-0.018,-0.009,-0.007,-0.037,50.00%,-0.005999999999999998
2019-07-15,-0.012,0.027,0.03,-0.018,-140.00%,-0.041999999999999996
2019-07-12,0.03,0.012,0.045,0.002,328.57%,0.023
2019-07-11,0.007,-0.035,0.014,-0.045,-125.00%,0.035
2019-07-10,-0.028,-0.036,0.003,-0.042,-64.10%,0.05
2019-07-09,-0.078,-0.091,-0.068,-0.096,-18.75%,0.018000000000000002
2019-07-08,-0.096,-0.115,-0.094,-0.116,10.34%,-0.009000000000000008
2019-07-05,-0.087,-0.13,-0.073,-0.136,-32.03%,0.04100000000000001
2019-07-04,-0.128,-0.114,-0.107,-0.145,28.00%,-0.027999999999999997
2019-07-03,-0.1,-0.102,-0.093,-0.114,35.14%,-0.02600000000000001
2019-07-02,-0.074,-0.066,-0.05,-0.078,21.31%,-0.012999999999999998
2019-07-01,-0.061,-0.016,-0.009,-0.067,125.93%,-0.034
2019-06-28,-0.027,-0.011,-0.004,-0.03,80.00%,-0.012
2019-06-27,-0.015,0.006,0.03,-0.02,275.00%,-0.011
2019-06-26,-0.004,-0.022,0.002,-0.027,-84.62%,0.022
2019-06-25,-0.026,-0.009,-0.005,-0.034,333.33%,-0.019999999999999997
2019-06-24,-0.006,-0.006,0.009,-0.015,-133.33%,-0.024
2019-06-21,0.018,-0.013,0.026,-0.023,-185.71%,0.039
2019-06-20,-0.021,-0.013,0.017,-0.023,-223.53%,-0.038000000000000006
2019-06-19,0.017,-0.018,0.023,-0.018,-189.47%,0.036000000000000004
2019-06-18,-0.019,0.061,0.067,-0.029,-126.39%,-0.091
2019-06-17,0.072,0.067,0.081,0.058,16.13%,0.009999999999999995
2019-06-14,0.062,0.057,0.072,0.045,-17.33%,-0.012999999999999998
2019-06-13,0.075,0.074,0.085,0.064,-3.85%,-0.0030000000000000027
2019-06-12,0.078,0.076,0.086,0.063,-7.14%,-0.006000000000000005
2019-06-11,0.084,0.086,0.098,0.075,-16.00%,-0.016
2019-06-10,0.1,0.064,0.102,0.059,104.08%,0.051000000000000004
2019-06-07,0.049,0.087,0.092,0.041,-39.51%,-0.032
2019-06-06,0.081,0.102,0.129,0.079,-26.36%,-0.028999999999999998
2019-06-05,0.11,0.111,0.131,0.099,-15.38%,-0.020000000000000004
2019-06-04,0.13,0.135,0.137,0.117,-9.09%,-0.012999999999999984
2019-06-03,0.143,0.141,0.148,0.127,-4.03%,-0.006000000000000005
2019-05-31,0.149,0.144,0.161,0.135,-9.70%,-0.016000000000000014
2019-05-30,0.165,0.173,0.19,0.158,1.23%,0.0020000000000000018
2019-05-29,0.163,0.173,0.18,0.16,-9.44%,-0.016999999999999987
2019-05-28,0.18,0.191,0.196,0.172,-6.25%,-0.01200000000000001
2019-05-27,0.192,0.206,0.216,0.186,-11.11%,-0.023999999999999994
2019-05-25,0.216,0.216,0.216,0.216,0.00%,0.0
2019-05-24,0.216,0.222,0.23,0.207,-1.37%,-0.0030000000000000027
2019-05-23,0.219,0.239,0.247,0.217,-13.10%,-0.033
2019-05-22,0.252,0.267,0.277,0.248,-8.70%,-0.02400000000000002
2019-05-21,0.276,0.265,0.285,0.242,10.84%,0.027000000000000024
2019-05-20,0.249,0.239,0.26,0.229,8.26%,0.01899999999999999
2019-05-17,0.23,0.229,0.246,0.205,-5.35%,-0.012999999999999984
2019-05-16,0.243,0.229,0.252,0.216,1.67%,0.0040000000000000036
2019-05-15,0.239,0.254,0.254,0.209,-7.72%,-0.020000000000000018
2019-05-14,0.259,0.268,0.275,0.249,0.78%,0.0020000000000000018
2019-05-13,0.257,0.287,0.29,0.255,-8.54%,-0.02400000000000002
2019-05-10,0.281,0.291,0.308,0.279,-1.40%,-0.003999999999999948
2019-05-09,0.285,0.272,0.286,0.262,1.79%,0.004999999999999949
2019-05-08,0.28,0.288,0.297,0.262,-2.44%,-0.006999999999999951
2019-05-07,0.287,0.331,0.331,0.276,-9.75%,-0.031000000000000028
2019-05-06,0.318,0.307,0.329,0.306,-3.93%,-0.013000000000000012
2019-05-03,0.331,0.347,0.363,0.319,-0.30%,-0.0010000000000000009
2019-05-02,0.332,0.349,0.36,0.322,-1.19%,-0.0040000000000000036
2019-05-01,0.336,0.336,0.336,0.336,0.60%,0.0020000000000000018
2019-04-30,0.334,0.342,0.374,0.329,0.60%,0.0020000000000000018
2019-04-29,0.332,0.328,0.347,0.324,4.73%,0.015000000000000013
2019-04-26,0.317,0.319,0.333,0.308,-2.16%,-0.007000000000000006
2019-04-25,0.324,0.313,0.327,0.311,2.86%,0.009000000000000008
2019-04-24,0.315,0.353,0.359,0.31,-12.01%,-0.04299999999999998
2019-04-23,0.358,0.359,0.379,0.355,4.37%,0.014999999999999958
2019-04-18,0.343,0.407,0.407,0.339,-16.34%,-0.06699999999999995
2019-04-17,0.41,0.408,0.426,0.396,4.86%,0.01899999999999996
2019-04-16,0.391,0.383,0.399,0.364,1.30%,0.0050000000000000044
2019-04-15,0.386,0.365,0.409,0.364,4.32%,0.016000000000000014
2019-04-12,0.37,0.3,0.375,0.285,22.11%,0.067
2019-04-11,0.303,0.299,0.304,0.28,5.94%,0.017000000000000015
2019-04-10,0.286,0.314,0.32,0.28,-9.78%,-0.031000000000000028
2019-04-09,0.317,0.333,0.343,0.31,-5.09%,-0.017000000000000015
2019-04-08,0.334,0.336,0.347,0.329,-0.60%,-0.0020000000000000018
2019-04-05,0.336,0.352,0.362,0.331,0.30%,0.0010000000000000009
2019-04-04,0.335,0.343,0.354,0.33,-3.46%,-0.011999999999999955
2019-04-03,0.347,0.342,0.359,0.333,15.67%,0.046999999999999986
2019-04-02,0.3,0.32,0.327,0.299,-8.54%,-0.028000000000000025
2019-04-01,0.328,0.3,0.331,0.294,22.85%,0.061
2019-03-29,0.267,0.269,0.29,0.263,0.00%,0.0
2019-03-28,0.267,0.255,0.275,0.241,8.54%,0.02100000000000002
2019-03-27,0.246,0.288,0.296,0.238,-21.41%,-0.067
2019-03-26,0.313,0.305,0.322,0.292,4.33%,0.013000000000000012
2019-03-25,0.3,0.309,0.322,0.299,1.01%,0.0030000000000000027
2019-03-22,0.297,0.379,0.382,0.287,-19.07%,-0.07
2019-03-21,0.367,0.389,0.391,0.366,-10.92%,-0.044999999999999984
2019-03-20,0.412,0.434,0.439,0.41,23.35%,0.07799999999999996
2019-03-19,0.334,0.311,0.351,0.303,7.05%,0.02200000000000002
2019-03-18,0.312,0.32,0.331,0.303,-1.58%,-0.0050000000000000044
2019-03-15,0.317,0.31,0.332,0.296,-1.25%,-0.0040000000000000036
2019-03-14,0.321,0.315,0.328,0.302,5.59%,0.017000000000000015
2019-03-13,0.304,0.303,0.313,0.301,1.67%,0.0050000000000000044
2019-03-12,0.299,0.323,0.339,0.296,-1.64%,-0.0050000000000000044
2019-03-11,0.304,0.314,0.315,0.298,-3.18%,-0.010000000000000009
2019-03-08,0.314,0.311,0.323,0.304,-2.48%,-0.008000000000000007
2019-03-07,0.322,0.391,0.395,0.315,-16.80%,-0.065
2019-03-06,0.387,0.408,0.421,0.383,-9.37%,-0.03999999999999998
2019-03-05,0.427,0.429,0.446,0.421,2.64%,0.01100000000000001
2019-03-04,0.416,0.44,0.443,0.415,-5.88%,-0.026000000000000023
2019-03-01,0.442,0.451,0.462,0.437,-0.45%,-0.0020000000000000018
2019-02-28,0.444,0.406,0.452,0.404,7.51%,0.031000000000000028
2019-02-27,0.413,0.377,0.429,0.369,8.40%,0.03199999999999997
2019-02-26,0.381,0.36,0.389,0.357,1.87%,0.007000000000000006
2019-02-25,0.374,0.366,0.382,0.362,5.35%,0.019000000000000017
2019-02-22,0.355,0.373,0.373,0.351,-6.82%,-0.026000000000000023
2019-02-21,0.381,0.362,0.398,0.36,6.42%,0.02300000000000002
2019-02-20,0.358,0.363,0.366,0.348,-1.65%,-0.006000000000000005
2019-02-19,0.364,0.363,0.374,0.345,-1.09%,-0.0040000000000000036
2019-02-18,0.368,0.36,0.374,0.357,2.51%,0.009000000000000008
2019-02-15,0.359,0.36,0.371,0.351,-0.55%,-0.0020000000000000018
2019-02-14,0.361,0.363,0.366,0.345,-2.70%,-0.010000000000000009
2019-02-13,0.371,0.381,0.391,0.368,-2.62%,-0.010000000000000009
2019-02-12,0.381,0.394,0.394,0.37,1.87%,0.007000000000000006
2019-02-11,0.374,0.353,0.375,0.35,9.04%,0.030999999999999972
2019-02-08,0.343,0.371,0.376,0.337,-8.04%,-0.02999999999999997
2019-02-07,0.373,0.402,0.415,0.367,-9.69%,-0.03999999999999998
2019-02-06,0.413,0.412,0.422,0.403,-1.90%,-0.008000000000000007
2019-02-05,0.421,0.427,0.45,0.419,-1.64%,-0.007000000000000006
2019-02-04,0.428,0.428,0.441,0.417,0.23%,0.0010000000000000009
2019-02-01,0.427,0.411,0.43,0.407,3.89%,0.016000000000000014
2019-01-31,0.411,0.429,0.442,0.407,-7.85%,-0.03500000000000003
2019-01-30,0.446,0.451,0.461,0.445,-1.55%,-0.007000000000000006
2019-01-29,0.453,0.45,0.464,0.448,0.22%,0.0010000000000000009
2019-01-28,0.452,0.447,0.471,0.443,2.73%,0.01200000000000001
2019-01-25,0.44,0.428,0.45,0.423,3.77%,0.016000000000000014
2019-01-24,0.424,0.459,0.462,0.424,-9.21%,-0.04300000000000004
2019-01-23,0.467,0.467,0.488,0.463,-2.71%,-0.012999999999999956
2019-01-22,0.48,0.484,0.506,0.479,-4.19%,-0.02100000000000002
2019-01-21,0.501,0.507,0.511,0.494,-1.18%,-0.006000000000000005
2019-01-18,0.507,0.504,0.526,0.492,2.01%,0.010000000000000009
2019-01-17,0.497,0.472,0.498,0.465,2.69%,0.013000000000000012
2019-01-16,0.484,0.476,0.501,0.474,2.98%,0.014000000000000012
2019-01-15,0.47,0.491,0.495,0.464,-4.67%,-0.02300000000000002
2019-01-14,0.493,0.494,0.495,0.47,-1.40%,-0.007000000000000006
2019-01-11,0.5,0.505,0.511,0.485,-2.72%,-0.014000000000000012
2019-01-10,0.514,0.521,0.527,0.499,-3.02%,-0.016000000000000014
2019-01-09,0.53,0.546,0.558,0.519,-2.39%,-0.013000000000000012
2019-01-08,0.543,0.539,0.552,0.534,4.22%,0.02200000000000002
2019-01-07,0.521,0.511,0.526,0.494,2.76%,0.014000000000000012
2019-01-04,0.507,0.482,0.521,0.482,8.80%,0.04099999999999998
2019-01-03,0.466,0.469,0.497,0.461,-2.92%,-0.013999999999999957
2019-01-02,0.48,0.52,0.52,0.459,-12.09%,-0.06600000000000006
2018-12-31,0.546,0.546,0.546,0.546,-0.73%,-0.0040000000000000036
2018-12-28,0.55,0.54,0.55,0.534,3.19%,0.017000000000000015
2018-12-27,0.533,0.531,0.54,0.526,-4.48%,-0.025000000000000022
2018-12-21,0.558,0.548,0.558,0.538,5.08%,0.027000000000000024
2018-12-20,0.531,0.52,0.549,0.514,-3.80%,-0.02100000000000002
2018-12-19,0.552,0.555,0.561,0.541,0.18%,0.0010000000000000009
2018-12-18,0.551,0.549,0.56,0.538,-2.13%,-0.0119999999999999
2018-12-17,0.563,0.558,0.575,0.553,0.90%,0.004999999999999893
2018-12-14,0.558,0.566,0.571,0.549,-3.96%,-0.02299999999999991
2018-12-13,0.581,0.59,0.597,0.557,1.75%,0.010000000000000009
2018-12-12,0.571,0.537,0.573,0.535,5.35%,0.028999999999999915
2018-12-11,0.542,0.558,0.58,0.533,1.12%,0.006000000000000005
2018-12-10,0.536,0.541,0.559,0.533,-1.65%,-0.009000000000000008
2018-12-07,0.545,0.53,0.559,0.526,4.41%,0.02300000000000002
2018-12-06,0.522,0.552,0.566,0.518,-6.95%,-0.039000000000000035
2018-12-05,0.561,0.552,0.563,0.535,1.08%,0.006000000000000005
2018-12-04,0.555,0.586,0.589,0.553,-7.04%,-0.041999999999999926
2018-12-03,0.597,0.624,0.624,0.593,0.34%,0.0020000000000000018
2018-11-30,0.595,0.613,0.615,0.592,-2.78%,-0.017000000000000015
2018-11-29,0.612,0.628,0.632,0.605,-4.82%,-0.031000000000000028
2018-11-28,0.643,0.637,0.649,0.627,0.16%,0.0010000000000000009
2018-11-27,0.642,0.634,0.649,0.623,-1.83%,-0.01200000000000001
2018-11-26,0.654,0.655,0.664,0.647,2.19%,0.014000000000000012
2018-11-23,0.64,0.675,0.677,0.63,-4.33%,-0.029000000000000026
2018-11-22,0.669,0.667,0.678,0.653,-0.30%,-0.0020000000000000018
2018-11-21,0.671,0.671,0.677,0.659,2.91%,0.019000000000000017
2018-11-20,0.652,0.652,0.659,0.633,-1.06%,-0.007000000000000006
2018-11-19,0.659,0.653,0.676,0.653,1.38%,0.009000000000000008
2018-11-16,0.65,0.641,0.653,0.637,2.20%,0.014000000000000012
2018-11-15,0.636,0.673,0.676,0.628,-5.92%,-0.040000000000000036
2018-11-14,0.676,0.668,0.687,0.658,-1.02%,-0.007000000000000006
2018-11-13,0.683,0.672,0.686,0.658,3.02%,0.020000000000000018
2018-11-12,0.663,0.669,0.669,0.655,-3.21%,-0.02200000000000002
2018-11-09,0.685,0.712,0.717,0.683,-6.55%,-0.04799999999999993
2018-11-08,0.733,0.731,0.738,0.719,2.37%,0.017000000000000015
2018-11-07,0.716,0.689,0.719,0.684,3.02%,0.02100000000000002
2018-11-06,0.695,0.687,0.697,0.666,2.06%,0.013999999999999901
2018-11-05,0.681,0.67,0.69,0.667,-0.58%,-0.0040000000000000036
2018-11-02,0.685,0.68,0.689,0.668,5.87%,0.038000000000000034
2018-11-01,0.647,0.655,0.676,0.646,0.31%,0.0020000000000000018
2018-10-31,0.645,0.659,0.667,0.641,0.47%,0.0030000000000000027
2018-10-30,0.642,0.653,0.669,0.634,-0.16%,-0.0010000000000000009
2018-10-29,0.643,0.637,0.663,0.626,2.55%,0.016000000000000014
2018-10-26,0.627,0.654,0.66,0.618,-6.42%,-0.04300000000000004
2018-10-25,0.67,0.666,0.686,0.66,0.15%,0.0010000000000000009
2018-10-24,0.669,0.693,0.695,0.662,-3.74%,-0.025999999999999912
2018-10-23,0.695,0.707,0.713,0.679,-4.66%,-0.03400000000000003
2018-10-22,0.729,0.754,0.758,0.713,1.39%,0.010000000000000009
2018-10-19,0.719,0.684,0.724,0.666,5.27%,0.03599999999999992
2018-10-18,0.683,0.73,0.735,0.683,-4.48%,-0.03199999999999992
2018-10-17,0.715,0.73,0.736,0.708,-4.16%,-0.031000000000000028
2018-10-16,0.746,0.764,0.769,0.744,-1.32%,-0.010000000000000009
2018-10-15,0.756,0.751,0.763,0.746,-1.18%,-0.009000000000000008
2018-10-12,0.765,0.796,0.8,0.761,-2.42%,-0.019000000000000017
2018-10-11,0.784,0.767,0.795,0.763,-3.45%,-0.028000000000000025
2018-10-10,0.812,0.79,0.829,0.786,2.65%,0.02100000000000002
2018-10-09,0.791,0.804,0.817,0.784,0.38%,0.0030000000000000027
2018-10-08,0.788,0.803,0.811,0.772,-2.35%,-0.019000000000000017
2018-10-05,0.807,0.792,0.807,0.789,3.86%,0.030000000000000027
2018-10-04,0.777,0.771,0.786,0.759,6.88%,0.050000000000000044
2018-10-03,0.727,0.703,0.727,0.688,7.23%,0.04899999999999993
2018-10-02,0.678,0.706,0.706,0.678,-5.96%,-0.04299999999999993
2018-10-01,0.721,0.733,0.756,0.721,-0.69%,-0.0050000000000000044
2018-09-28,0.726,0.734,0.738,0.698,-5.22%,-0.040000000000000036
2018-09-27,0.766,0.716,0.766,0.712,0.52%,0.0040000000000000036
2018-09-26,0.762,0.759,0.768,0.755,-0.78%,-0.006000000000000005
2018-09-25,0.768,0.762,0.774,0.744,3.78%,0.028000000000000025
2018-09-24,0.74,0.683,0.741,0.682,7.56%,0.052000000000000046
2018-09-21,0.688,0.705,0.708,0.682,-2.69%,-0.019000000000000017
2018-09-20,0.707,0.711,0.732,0.704,-0.98%,-0.007000000000000006
2018-09-19,0.714,0.709,0.721,0.699,0.99%,0.007000000000000006
2018-09-18,0.707,0.686,0.712,0.674,3.36%,0.02299999999999991
2018-09-17,0.684,0.666,0.693,0.663,8.74%,0.05500000000000005
2018-09-16,0.629,0.63,0.63,0.628,-5.84%,-0.039000000000000035
2018-09-14,0.668,0.641,0.675,0.641,4.37%,0.028000000000000025
2018-09-13,0.64,0.624,0.655,0.623,0.95%,0.006000000000000005
2018-09-12,0.634,0.632,0.64,0.618,-1.09%,-0.007000000000000006
2018-09-11,0.641,0.623,0.647,0.619,15.50%,0.08599999999999997
2018-09-10,0.555,0.543,0.565,0.542,0.36%,0.0020000000000000018
2018-09-07,0.553,0.535,0.56,0.53,5.13%,0.027000000000000024
2018-09-06,0.526,0.557,0.562,0.521,-4.71%,-0.026000000000000023
2018-09-05,0.552,0.534,0.576,0.53,2.03%,0.01100000000000001
2018-09-04,0.541,0.542,0.55,0.52,2.08%,0.01100000000000001
2018-09-03,0.53,0.533,0.537,0.51,1.73%,0.009000000000000008
2018-08-31,0.521,0.542,0.547,0.518,-2.43%,-0.013000000000000012
2018-08-30,0.534,0.588,0.591,0.532,-9.34%,-0.05499999999999994
2018-08-29,0.589,0.562,0.593,0.554,4.80%,0.026999999999999913
2018-08-28,0.562,0.554,0.576,0.54,1.08%,0.006000000000000005
2018-08-27,0.556,0.52,0.562,0.516,3.93%,0.02100000000000002
2018-08-26,0.535,0.535,0.535,0.535,0.00%,0.0
2018-08-25,0.535,0.535,0.535,0.535,0.19%,0.0010000000000000009
2018-08-24,0.534,0.54,0.553,0.53,0.38%,0.0020000000000000018
2018-08-23,0.532,0.536,0.547,0.528,-1.48%,-0.008000000000000007
2018-08-22,0.54,0.518,0.549,0.514,3.85%,0.020000000000000018
2018-08-21,0.52,0.495,0.525,0.494,5.05%,0.025000000000000022
2018-08-20,0.495,0.509,0.517,0.491,-1.59%,-0.008000000000000007
2018-08-17,0.503,0.514,0.514,0.489,-2.52%,-0.013000000000000012
2018-08-16,0.516,0.513,0.519,0.501,3.20%,0.016000000000000014
2018-08-15,0.5,0.525,0.531,0.487,-4.94%,-0.026000000000000023
2018-08-14,0.526,0.533,0.537,0.515,0.57%,0.0030000000000000027
2018-08-13,0.523,0.514,0.531,0.502,1.55%,0.008000000000000007
2018-08-12,0.515,0.515,0.515,0.515,0.00%,0.0
2018-08-11,0.515,0.515,0.515,0.515,0.00%,0.0
2018-08-10,0.515,0.531,0.544,0.513,-8.04%,-0.04500000000000004
2018-08-09,0.56,0.572,0.579,0.558,-2.95%,-0.016999999999999904
2018-08-08,0.577,0.585,0.594,0.575,-1.37%,-0.008000000000000007
2018-08-07,0.585,0.572,0.593,0.567,2.45%,0.014000000000000012
2018-08-06,0.571,0.602,0.608,0.567,-3.71%,-0.02200000000000002
2018-08-03,0.593,0.609,0.633,0.589,-6.17%,-0.039000000000000035
2018-08-02,0.632,0.638,0.649,0.621,-1.86%,-0.01200000000000001
2018-08-01,0.644,0.614,0.653,0.612,7.51%,0.04500000000000004
2018-07-31,0.599,0.588,0.613,0.582,-2.28%,-0.014000000000000012
2018-07-30,0.613,0.565,0.623,0.562,6.42%,0.03700000000000003
2018-07-27,0.576,0.576,0.585,0.564,0.52%,0.0030000000000000027
2018-07-26,0.573,0.586,0.591,0.56,1.42%,0.008000000000000007
2018-07-25,0.565,0.562,0.58,0.553,-0.70%,-0.0040000000000000036
2018-07-24,0.569,0.581,0.586,0.559,0.53%,0.0030000000000000027
2018-07-23,0.566,0.545,0.571,0.534,6.19%,0.03299999999999992
2018-07-20,0.533,0.478,0.533,0.469,10.35%,0.050000000000000044
2018-07-19,0.483,0.494,0.507,0.479,-1.02%,-0.0050000000000000044
2018-07-18,0.488,0.492,0.492,0.468,0.41%,0.0020000000000000018
2018-07-17,0.486,0.501,0.504,0.484,-4.33%,-0.02200000000000002
2018-07-16,0.508,0.486,0.516,0.482,5.61%,0.027000000000000024
2018-07-15,0.481,0.481,0.481,0.481,0.00%,0.0
2018-07-14,0.481,0.481,0.481,0.481,0.84%,0.0040000000000000036
2018-07-13,0.477,0.505,0.507,0.468,-5.73%,-0.029000000000000026
2018-07-12,0.506,0.524,0.527,0.502,-2.69%,-0.014000000000000012
2018-07-11,0.52,0.513,0.531,0.504,-2.07%,-0.01100000000000001
2018-07-10,0.531,0.523,0.539,0.518,3.31%,0.017000000000000015
2018-07-09,0.514,0.526,0.54,0.513,-0.39%,-0.0020000000000000018
2018-07-06,0.516,0.528,0.53,0.505,-1.71%,-0.009000000000000008
2018-07-05,0.525,0.545,0.558,0.519,1.16%,0.006000000000000005
2018-07-04,0.519,0.524,0.527,0.506,0.97%,0.0050000000000000044
2018-07-03,0.514,0.548,0.555,0.511,-3.93%,-0.02100000000000002
2018-07-02,0.535,0.536,0.551,0.524,-1.83%,-0.010000000000000009
2018-07-01,0.545,0.545,0.545,0.545,0.00%,0.0
2018-06-30,0.545,0.545,0.545,0.545,0.18%,0.0010000000000000009
2018-06-29,0.544,0.587,0.597,0.539,-3.55%,-0.019999999999999907
2018-06-28,0.564,0.563,0.581,0.548,-1.91%,-0.01100000000000001
2018-06-27,0.575,0.574,0.59,0.556,-1.71%,-0.010000000000000009
2018-06-26,0.585,0.581,0.599,0.566,3.36%,0.019000000000000017
2018-06-25,0.566,0.543,0.586,0.534,0.00%,0.0
2018-06-22,0.566,0.554,0.578,0.553,1.80%,0.009999999999999898
2018-06-21,0.556,0.595,0.597,0.541,-5.28%,-0.030999999999999917
2018-06-20,0.587,0.586,0.597,0.574,0.00%,0.0
2018-06-19,0.587,0.57,0.59,0.563,-3.14%,-0.019000000000000017
2018-06-18,0.606,0.612,0.618,0.591,-1.14%,-0.007000000000000006
2018-06-15,0.613,0.607,0.622,0.587,-3.16%,-0.020000000000000018
2018-06-14,0.633,0.708,0.729,0.632,-9.31%,-0.06499999999999995
2018-06-13,0.698,0.721,0.722,0.688,-3.86%,-0.028000000000000025
2018-06-12,0.726,0.744,0.757,0.722,-1.22%,-0.009000000000000008
2018-06-11,0.735,0.729,0.751,0.704,4.26%,0.030000000000000027
2018-06-08,0.705,0.677,0.716,0.656,-2.89%,-0.02100000000000002
2018-06-07,0.726,0.741,0.746,0.712,3.71%,0.026000000000000023
2018-06-06,0.7,0.63,0.704,0.63,17.06%,0.10199999999999998
2018-06-05,0.598,0.616,0.631,0.588,-5.97%,-0.038000000000000034
2018-06-04,0.636,0.617,0.64,0.603,5.12%,0.031000000000000028
2018-06-01,0.605,0.642,0.642,0.589,-0.82%,-0.0050000000000000044
2018-05-31,0.61,0.621,0.656,0.572,1.33%,0.008000000000000007
2018-05-30,0.602,0.575,0.625,0.565,11.69%,0.06299999999999994
2018-05-29,0.539,0.544,0.603,0.48,-6.42%,-0.03699999999999992
2018-05-28,0.576,0.675,0.675,0.572,-8.86%,-0.05600000000000005
2018-05-25,0.632,0.67,0.674,0.609,-7.20%,-0.049000000000000044
2018-05-24,0.681,0.721,0.741,0.674,-4.35%,-0.030999999999999917
2018-05-23,0.712,0.713,0.722,0.683,-3.78%,-0.028000000000000025
2018-05-22,0.74,0.717,0.748,0.711,3.35%,0.02400000000000002
2018-05-21,0.716,0.729,0.732,0.708,-1.38%,-0.010000000000000009
2018-05-20,0.726,0.726,0.726,0.726,-1.36%,-0.010000000000000009
2018-05-18,0.736,0.785,0.79,0.731,-7.19%,-0.05700000000000005
2018-05-17,0.793,0.791,0.795,0.752,3.93%,0.030000000000000027
2018-05-16,0.763,0.767,0.779,0.741,-2.80%,-0.02200000000000002
2018-05-15,0.785,0.767,0.789,0.757,4.25%,0.03200000000000003
2018-05-14,0.753,0.705,0.758,0.705,6.96%,0.049000000000000044
2018-05-11,0.704,0.696,0.715,0.69,-0.28%,-0.0020000000000000018
2018-05-10,0.706,0.711,0.716,0.682,-0.42%,-0.0030000000000000027
2018-05-09,0.709,0.719,0.735,0.708,-0.28%,-0.0020000000000000018
2018-05-08,0.711,0.688,0.716,0.683,5.02%,0.03399999999999992
2018-05-07,0.677,0.686,0.693,0.671,-2.73%,-0.018999999999999906
2018-05-04,0.696,0.68,0.698,0.673,3.11%,0.020999999999999908
2018-05-03,0.675,0.734,0.737,0.673,-6.90%,-0.04999999999999993
2018-05-02,0.725,0.728,0.734,0.717,2.40%,0.017000000000000015
2018-04-30,0.708,0.731,0.741,0.707,-1.53%,-0.01100000000000001
2018-04-27,0.719,0.722,0.735,0.713,-2.71%,-0.020000000000000018
2018-04-26,0.739,0.77,0.77,0.732,-4.52%,-0.03500000000000003
2018-04-25,0.774,0.785,0.794,0.774,0.39%,0.0030000000000000027
2018-04-24,0.771,0.752,0.795,0.745,0.39%,0.0030000000000000027
2018-04-23,0.768,0.763,0.773,0.754,4.92%,0.03600000000000003
2018-04-20,0.732,0.726,0.748,0.726,-0.27%,-0.0020000000000000018
2018-04-19,0.734,0.686,0.735,0.684,9.88%,0.06599999999999995
2018-04-18,0.668,0.656,0.67,0.636,1.67%,0.01100000000000001
2018-04-17,0.657,0.676,0.687,0.653,-2.52%,-0.017000000000000015
2018-04-16,0.674,0.674,0.697,0.669,2.12%,0.014000000000000012
2018-04-13,0.66,0.665,0.687,0.658,-0.60%,-0.0040000000000000036
2018-04-12,0.664,0.647,0.668,0.646,2.47%,0.016000000000000014
2018-04-11,0.648,0.656,0.666,0.635,-1.82%,-0.01200000000000001
2018-04-10,0.66,0.643,0.676,0.63,2.48%,0.016000000000000014
2018-04-09,0.644,0.64,0.649,0.632,1.74%,0.01100000000000001
2018-04-06,0.633,0.649,0.655,0.628,-3.80%,-0.025000000000000022
2018-04-05,0.658,0.654,0.662,0.647,4.44%,0.028000000000000025
2018-04-04,0.63,0.636,0.636,0.614,-0.79%,-0.0050000000000000044
2018-04-03,0.635,0.643,0.643,0.62,1.76%,0.01100000000000001
2018-03-29,0.624,0.632,0.64,0.622,-0.48%,-0.0030000000000000027
2018-03-28,0.627,0.624,0.627,0.621,0.00%,0.0
2018-03-27,0.627,0.657,0.658,0.626,-3.54%,-0.02300000000000002
2018-03-26,0.65,0.658,0.668,0.649,-0.76%,-0.0050000000000000044
2018-03-23,0.655,0.657,0.657,0.651,-0.91%,-0.006000000000000005
2018-03-22,0.661,0.711,0.711,0.653,-8.45%,-0.06099999999999994
2018-03-21,0.722,0.717,0.734,0.717,1.12%,0.008000000000000007
2018-03-20,0.714,0.709,0.714,0.709,0.71%,0.0050000000000000044
2018-03-19,0.709,0.712,0.736,0.706,-0.98%,-0.007000000000000006
2018-03-16,0.716,0.718,0.735,0.709,-0.69%,-0.0050000000000000044
2018-03-15,0.721,0.732,0.738,0.716,-2.30%,-0.017000000000000015
2018-03-14,0.738,0.744,0.768,0.736,-0.81%,-0.006000000000000005
2018-03-13,0.744,0.744,0.747,0.744,-0.40%,-0.0030000000000000027
2018-03-12,0.747,0.755,0.765,0.747,-1.58%,-0.01200000000000001
2018-03-09,0.759,0.746,0.761,0.745,1.61%,0.01200000000000001
2018-03-08,0.747,0.78,0.809,0.747,-3.98%,-0.031000000000000028
2018-03-07,0.778,0.793,0.797,0.776,0.39%,0.0030000000000000027
2018-03-06,0.775,0.782,0.791,0.775,2.51%,0.019000000000000017
2018-03-05,0.756,0.743,0.763,0.728,-1.31%,-0.010000000000000009
2018-03-02,0.766,0.746,0.766,0.73,0.52%,0.0040000000000000036
2018-03-01,0.762,0.775,0.775,0.744,-2.18%,-0.017000000000000015
2018-02-28,0.779,0.805,0.813,0.778,-2.99%,-0.02400000000000002
2018-02-27,0.803,0.793,0.811,0.783,2.29%,0.018000000000000016
2018-02-26,0.785,0.779,0.798,0.772,0.64%,0.0050000000000000044
2018-02-23,0.78,0.832,0.832,0.779,-6.59%,-0.05499999999999994
2018-02-22,0.835,0.857,0.858,0.827,-0.60%,-0.0050000000000000044
2018-02-21,0.84,0.836,0.845,0.814,-0.47%,-0.0040000000000000036
2018-02-20,0.844,0.865,0.868,0.828,0.00%,0.0
2018-02-19,0.844,0.83,0.853,0.827,3.69%,0.030000000000000027
2018-02-18,0.814,0.814,0.814,0.814,0.00%,0.0
2018-02-16,0.814,0.875,0.877,0.811,-6.33%,-0.05500000000000005
2018-02-15,0.869,0.882,0.893,0.859,1.16%,0.010000000000000009
2018-02-14,0.859,0.835,0.869,0.829,1.30%,0.01100000000000001
2018-02-13,0.848,0.844,0.848,0.816,0.36%,0.0030000000000000027
2018-02-12,0.845,0.861,0.87,0.835,1.32%,0.01100000000000001
2018-02-09,0.834,0.845,0.852,0.817,-1.65%,-0.014000000000000012
2018-02-08,0.848,0.849,0.881,0.831,2.29%,0.019000000000000017
2018-02-07,0.829,0.813,0.834,0.795,3.24%,0.025999999999999912
2018-02-06,0.803,0.82,0.823,0.782,-5.53%,-0.04699999999999993
2018-02-05,0.85,0.876,0.876,0.83,-1.73%,-0.015000000000000013
2018-02-02,0.865,0.847,0.867,0.838,4.98%,0.041000000000000036
2018-02-01,0.824,0.817,0.848,0.809,1.60%,0.0129999999999999
2018-01-31,0.811,0.807,0.816,0.781,-0.25%,-0.0019999999999998908
2018-01-30,0.813,0.817,0.819,0.797,-0.85%,-0.007000000000000006
2018-01-29,0.82,0.776,0.827,0.761,10.07%,0.07499999999999996
2018-01-26,0.745,0.727,0.752,0.711,1.64%,0.01200000000000001
2018-01-25,0.733,0.695,0.754,0.686,3.68%,0.026000000000000023
2018-01-24,0.707,0.682,0.714,0.68,4.28%,0.028999999999999915
2018-01-23,0.678,0.678,0.678,0.655,0.59%,0.0040000000000000036
2018-01-22,0.674,0.676,0.7,0.674,0.00%,0.0
2018-01-19,0.674,0.694,0.7,0.67,-0.44%,-0.0030000000000000027
2018-01-18,0.677,0.685,0.701,0.676,1.80%,0.01200000000000001
2018-01-17,0.665,0.665,0.668,0.652,-0.15%,-0.0010000000000000009
2018-01-16,0.666,0.685,0.685,0.65,-3.34%,-0.02299999999999991
2018-01-15,0.689,0.679,0.693,0.666,-0.29%,-0.0020000000000000018
2018-01-12,0.691,0.692,0.707,0.676,0.73%,0.004999999999999893
2018-01-11,0.686,0.633,0.689,0.61,7.52%,0.04800000000000004
2018-01-10,0.638,0.638,0.644,0.623,3.74%,0.02300000000000002
2018-01-09,0.615,0.607,0.617,0.58,3.71%,0.02200000000000002
2018-01-08,0.593,0.604,0.617,0.577,-1.82%,-0.01100000000000001
2018-01-05,0.604,0.595,0.609,0.59,1.51%,0.009000000000000008
2018-01-04,0.595,0.61,0.619,0.595,-0.83%,-0.0050000000000000044
2018-01-03,0.6,0.631,0.632,0.584,-4.46%,-0.028000000000000025
2018-01-02,0.628,0.622,0.629,0.611,4.15%,0.025000000000000022
2017-12-29,0.603,0.598,0.611,0.585,2.38%,0.014000000000000012
2017-12-28,0.589,0.549,0.589,0.549,7.48%,0.040999999999999925
2017-12-27,0.548,0.575,0.577,0.548,-5.52%,-0.03199999999999992
2017-12-22,0.58,0.582,0.583,0.572,-0.17%,-0.0010000000000000009
2017-12-21,0.581,0.577,0.593,0.576,1.93%,0.01100000000000001
2017-12-20,0.57,0.53,0.587,0.526,7.55%,0.039999999999999925
2017-12-19,0.53,0.475,0.532,0.468,13.49%,0.063
2017-12-18,0.467,0.469,0.477,0.455,0.43%,0.0020000000000000018
2017-12-16,0.465,0.465,0.465,0.465,0.22%,0.0010000000000000009
2017-12-15,0.464,0.467,0.47,0.451,-3.33%,-0.01599999999999996
2017-12-14,0.48,0.47,0.498,0.463,1.05%,0.0050000000000000044
2017-12-13,0.475,0.461,0.491,0.459,1.50%,0.006999999999999951
2017-12-12,0.468,0.445,0.472,0.445,5.17%,0.02300000000000002
2017-12-11,0.445,0.456,0.457,0.435,-1.33%,-0.006000000000000005
2017-12-08,0.451,0.457,0.47,0.444,2.04%,0.009000000000000008
2017-12-07,0.442,0.452,0.464,0.439,-0.67%,-0.0030000000000000027
2017-12-06,0.445,0.453,0.465,0.438,-5.52%,-0.025999999999999968
2017-12-05,0.471,0.495,0.499,0.468,-3.29%,-0.016000000000000014
2017-12-04,0.487,0.489,0.496,0.48,-1.81%,-0.009000000000000008
2017-12-01,0.496,0.526,0.534,0.479,-5.70%,-0.030000000000000027
2017-11-30,0.526,0.549,0.564,0.522,-3.84%,-0.02100000000000002
2017-11-29,0.547,0.511,0.556,0.511,7.89%,0.040000000000000036
2017-11-28,0.507,0.503,0.512,0.495,-0.20%,-0.0010000000000000009
2017-11-27,0.508,0.523,0.529,0.501,-3.42%,-0.018000000000000016
2017-11-24,0.526,0.501,0.533,0.501,4.78%,0.02400000000000002
2017-11-23,0.502,0.497,0.508,0.493,0.40%,0.0020000000000000018
2017-11-22,0.5,0.486,0.524,0.479,1.42%,0.007000000000000006
2017-11-21,0.493,0.507,0.509,0.479,-2.38%,-0.01200000000000001
2017-11-20,0.505,0.509,0.516,0.5,-2.32%,-0.01200000000000001
2017-11-17,0.517,0.524,0.541,0.512,-2.08%,-0.01100000000000001
2017-11-16,0.528,0.529,0.549,0.519,-1.12%,-0.006000000000000005
2017-11-15,0.534,0.536,0.536,0.507,-2.38%,-0.013000000000000012
2017-11-14,0.547,0.568,0.58,0.544,-3.87%,-0.02199999999999991
2017-11-13,0.569,0.558,0.569,0.537,0.89%,0.0050000000000000044
2017-11-10,0.564,0.558,0.564,0.544,4.64%,0.02499999999999991
2017-11-09,0.539,0.486,0.543,0.481,12.06%,0.05800000000000005
2017-11-08,0.481,0.479,0.486,0.466,0.00%,0.0
2017-11-07,0.481,0.5,0.51,0.48,-3.22%,-0.016000000000000014
2017-11-06,0.497,0.517,0.519,0.488,-4.79%,-0.025000000000000022
2017-11-03,0.522,0.527,0.529,0.51,-0.57%,-0.0030000000000000027
2017-11-02,0.525,0.534,0.554,0.525,-0.38%,-0.0020000000000000018
2017-11-01,0.527,0.526,0.544,0.518,2.13%,0.01100000000000001
2017-10-31,0.516,0.522,0.533,0.516,-1.15%,-0.006000000000000005
2017-10-30,0.522,0.541,0.553,0.522,-3.87%,-0.02100000000000002
2017-10-29,0.543,0.543,0.543,0.543,-3.89%,-0.02199999999999991
2017-10-27,0.565,0.593,0.596,0.559,-6.92%,-0.04200000000000004
2017-10-26,0.607,0.633,0.644,0.588,-5.16%,-0.03300000000000003
2017-10-25,0.64,0.622,0.655,0.621,1.11%,0.007000000000000006
2017-10-24,0.633,0.605,0.639,0.604,6.75%,0.040000000000000036
2017-10-23,0.593,0.592,0.602,0.59,-2.95%,-0.018000000000000016
2017-10-22,0.611,0.611,0.611,0.611,0.00%,0.0
2017-10-20,0.611,0.59,0.613,0.586,9.69%,0.05399999999999994
2017-10-19,0.557,0.557,0.563,0.537,0.54%,0.0030000000000000027
2017-10-18,0.554,0.517,0.555,0.512,6.74%,0.03500000000000003
2017-10-17,0.519,0.536,0.537,0.51,-1.70%,-0.009000000000000008
2017-10-16,0.528,0.569,0.571,0.526,-5.55%,-0.031000000000000028
2017-10-13,0.559,0.595,0.596,0.559,-7.76%,-0.04699999999999993
2017-10-12,0.606,0.615,0.628,0.602,-3.04%,-0.019000000000000017
2017-10-11,0.625,0.623,0.63,0.611,3.31%,0.020000000000000018
2017-10-10,0.605,0.61,0.627,0.598,-0.33%,-0.0020000000000000018
2017-10-09,0.607,0.622,0.623,0.607,-5.89%,-0.038000000000000034
2017-10-06,0.645,0.632,0.668,0.623,3.04%,0.019000000000000017
2017-10-05,0.626,0.631,0.637,0.598,1.79%,0.01100000000000001
2017-10-04,0.615,0.606,0.623,0.584,-1.91%,-0.01200000000000001
2017-10-03,0.627,0.616,0.65,0.616,3.64%,0.02200000000000002
2017-10-02,0.605,0.631,0.648,0.604,-2.73%,0.0
